sale_express_rules_id,bs_warehouse_id,country,bs_express_service_id,sort_order,max_length,second_length,third_length,volume_weight,volume_weight_v2,volume_weight_v3,any_length_sum,perimeter,us_volume_weight,girth,gross_weight,two_width_height,volume,remark,auto_refresh_count,default_refresh_count,current_count,bs_platform_id,bs_account_id_str,postcode_str,erp_sku,excluded_erp_sku,enable_flag,sfp_to_general,address_type,ctime,mtime
8,26,DE,20,3,LT_120,LT_60,LT_60,,,LT_148,,,,LT_297,LT_31,,,,,,,,,,,,1,1,,1702430947,1762253990
10,26,DE,20,5,LT_175,,,,,,,,,LT_297,LT_31,,,,,,,,,,,,1,1,,1702430947,1762254016
13,26,DE,29,2,LT_120,LT_60,LT_60,,,,,,,LT_297,LT_20,,,,,,,,,,,,1,1,,1,1746525551
22,26,FR,30,1,LT_120,LT_60,LT_60,,,,,,,LT_297,LT_6,,,,,,,,,,,,1,1,,0,1746525853
23,26,FR,20,2,LT_120,LT_60,LT_60,,,LT_148,,,,LT_297,LT_31,,,,,,,,,,,,1,1,,1702430947,1762254225
29,26,IT,30,1,LT_120,LT_60,LT_60,,,,,,,LT_297,LT_12,,,,,,,,,,,,1,1,,1,1746525896
30,26,IT,20,2,LT_120,LT_60,LT_60,,,LT_148,,,,LT_297,LT_31,,,,,,,,,,,,1,1,,1702430947,1762254222
32,26,IT,20,4,LT_175,,,,,,,,,LT_297,LT_31,,,,,,,,,,,,1,1,,0,1762254170
35,26,IT,25,5,LT_274,,,LT_43,,,,,,LT_400,LT_43,,,,,,,,,,,,1,1,,1702430947,1740134809
37,26,ES,30,1,LT_120,LT_60,LT_60,,,,,,,LT_297,LT_22,,,,,,,,,,,,1,1,,1,1746525970
38,26,ES,20,2,LT_120,LT_60,LT_60,,,LT_148,,,,LT_297,LT_31,,,,,,,,,,,,1,1,,1702430947,1762254219
40,26,ES,20,4,LT_175,,,,,,,,,LT_297,LT_31,,,,,,,,,,,,1,1,,1702430947,1762254165
49,55,GB,43,2,LT_100,LT_70,LT_60,,,,,,,LT_297,LT_30,,,,,,,,,,,,1,1,,0,1760943248
50,55,GB,41,5,LT_200,,,LT_40,,,,,,LT_397,LT_35,,,,,,,,,,,,1,1,,0,1750390251
60,57,DE,29,2,LT_200,,,,,,,,,GT_297@LTE_360,LT_31.5,,,,,,,,,,,,1,1,,1,1751521383
61,57,DE,29,3,LT_200,,,,,,,,,LTE_357,LT_31.5,,,,,,,,,,,,1,1,,1,1745320348
72,58,ES,41,1,LT_120,LT_60,LT_60,,,,,,,LT_297,LT_13,,,,,,,,,,,,1,1,,0,0
73,58,ES,43,2,LT_175,,,,,,,,,LTE_297,LT_31.5,,,,,,,,,,,,1,1,,0,0
90,57,DE,20,1,LT_175,,,,,,,,,LT_297,LT_31,,,,,,,,,,,,1,2,,0,1762253965
94,57,DE,25,4,GT_175@LT_270,,,,,,,,,LT_297,LT_31.5,,,,,,,,,,,,1,2,,0,1758512904
95,57,DE,29,2,LT_200,,,,,,,,,GT_297@LTE_360,LT_31.5,,,,,,,,,,,,1,2,,0,1751521389
102,69,DE,41,1,LT_120,LT_60,LT_60,,,,,,,LT_297,LT_5,,LT_0.147,,,,,,,,,,1,1,,0,1766133420
103,69,DE,43,3,LT_117,LT_57,,,,,,,,LT_297,LT_31,,LT_0.147,,,,,,,,,,1,1,,0,1762253993
104,69,DE,41,9,LT_200,,,,,,,,,LT_357,LT_31.5,,,,,,,,,,,,1,1,,0,1766133650
105,26,BE,30,2,LT_120,LT_60,LT_60,,,,,,,LT_297,LT_12,,,,,,,,,,,,1,1,,0,1746526014
107,26,BE,20,3,LT_120,LT_60,LT_60,,,LT_148,,,,LT_297,LT_31,,,,,,,,,,,,1,1,,0,1762254193
108,26,BE,25,4,LT_175,,,LT_28,,,,,,LT_297,LT_28,,,,,,,,,,,,1,1,,0,1746526038
109,26,BE,20,5,LT_175,,,,,,,,,LT_297,LT_31,,,,,,,,,,,,1,1,,0,1762254108
110,26,NL,30,1,LT_120,LT_60,LT_60,,,,,,,LT_297,LT_16,,,,,,,,,,,,1,1,,0,1746526105
111,26,NL,20,2,LT_120,LT_60,LT_60,,,LT_148,,,,LT_297,LT_31,,,,,,,,,,,,1,1,,0,1762254215
113,26,NL,20,4,LT_175,,,,,,,,,LT_297,LT_31,,,,,,,,,,,,1,1,,0,1762254125
115,26,PL,30,1,LT_120,LT_60,LT_60,,,,,,,LT_297,LT_30,,,,,,,,,,,,1,1,,0,0
117,26,PL,20,2,LT_120,LT_60,LT_60,,,LT_148,,,,LT_297,LT_31,,,,,,,,,,,,1,1,,0,1762254211
120,26,PL,25,3,LT_175,,,LT_24,,,,,,LT_297,LT_24,,,,,,,,,,,,1,1,,0,0
121,58,ES,41,3,LT_200,,,,,,,,,LT_357,LT_30,,,,,,,,,,,,1,1,,0,0
125,58,FR,41,1,LT_120,LT_60,LT_60,,,,,,,LT_297,LT_5,,,,,,,,,,,,1,1,,0,0
126,58,FR,43,2,LT_175,,,,,,,,,LTE_297,LT_31.5,,,,,,,,,,,,1,1,,0,0
127,58,FR,41,3,LT_200,,,,,,,,,LT_357,LT_30,,,,,,,,,,,,1,1,,0,0
128,58,PL,41,1,LT_120,LT_60,LT_60,,,,,,,LT_297,LT_31.5,,,,,,,,,,,,1,1,,0,0
129,58,PL,43,2,LT_175,,,,,,,,,LTE_297,LT_31.5,,,,,,,,,,,,1,1,,0,0
130,58,PL,41,3,LT_200,,,,,,,,,LT_357,LT_31.5,,,,,,,,,,,,1,1,,0,0
131,58,NL,41,1,LT_120,LT_60,LT_60,,,,,,,LT_297,LT_7,,,,,,,,,,,,1,1,,0,0
132,58,NL,43,2,LT_175,,,,,,,,,LTE_297,LT_31.5,,,,,,,,,,,,1,1,,0,0
133,58,NL,41,3,LT_200,,,,,,,,,LT_357,LT_30,,,,,,,,,,,,1,1,,0,0
134,58,BE,41,1,LT_120,LT_60,LT_60,,,,,,,LT_297,LT_9,,,,,,,,,,,,1,1,,0,0
135,58,BE,43,2,LT_175,,,,,,,,,LTE_297,LT_31.5,,,,,,,,,,,,1,1,,0,0
136,58,BE,41,3,LT_200,,,,,,,,,LT_357,LT_30,,,,,,,,,,,,1,1,,0,0
137,58,IT,41,1,LT_120,LT_60,LT_60,,,,,,,LT_297,LT_16,,,,,,,,,,,,1,1,,0,0
138,58,IT,43,2,LT_175,,,,,,,,,LTE_297,LT_31.5,,,,,,,,,,,,1,1,,0,0
139,58,IT,41,3,LT_200,,,,,,,,,LT_357,LT_30,,,,,,,,,,,,1,1,,0,0
140,26,DE,29,7,LT_200,,,,,,,,,LT_357,LT_31.5,,,,,,,,,,,,1,1,,0,1746525516
141,26,DE,25,8,LT_270,,,LT_44,,,,,,LT_400,LT_44,,,,,,,,,,,,1,1,,0,1758512806
142,26,FR,20,4,LT_175,,,,,,,,,LT_297,LT_31,,,,,,,,,,,,1,1,,0,1762254120
145,26,FR,25,5,LT_274,,,LT_43,,,,,,LT_400,LT_43,,,,,,,,,,,,1,1,,0,1740134271
146,26,ES,25,5,LT_274,,,LT_43,,,,,,LT_400,LT_43,,,,,,,,,,,,1,1,,0,1740209973
149,26,BE,25,6,LT_274,,,LT_43,,,,,,LT_400,LT_43,,,,,,,,,,,,1,1,,0,1740210455
151,26,NL,25,5,LT_274,,,LT_43,,,,,,LT_400,LT_43,,,,,,,,,,,,1,1,,0,1740210747
152,58,DE,41,3,LT_200,,,,,,,,,LT_357,LT_31.5,,,,,,,,,,,,1,1,,0,0
158,69,ES,41,1,LT_120,LT_60,LT_60,,,,,,,LT_297,LT_8,,,,,,,,,,,,1,1,,0,0
159,69,ES,43,2,LT_175,,,,,,,,,LT_297,LT_31.5,,,,,,,,,,,,1,1,,0,0
160,69,ES,41,3,LT_200,,,,,,,,,LT_357,LT_30,,,,,,,,,,,,1,1,,0,0
161,69,FR,41,1,LT_120,LT_60,LT_60,,,,,,,LT_297,LT_3,,,,,,,,,,,,1,1,,0,0
162,69,FR,43,2,LT_175,,,,,,,,,LT_297,LT_31.5,,,,,,,,,,,,1,1,,0,0
163,69,FR,41,3,LT_200,,,,,,,,,LT_357,LT_30,,,,,,,,,,,,1,1,,0,0
164,69,PL,41,1,LT_120,LT_60,LT_60,,,,,,,LT_297,LT_21,,,,,,,,,,,,1,1,,0,0
165,69,PL,43,2,LT_175,,,,,,,,,LT_297,LT_31.5,,,,,,,,,,,,1,1,,0,0
166,69,PL,41,3,LT_200,,,,,,,,,LT_357,LT_31.5,,,,,,,,,,,,1,1,,0,0
167,69,NL,41,1,LT_120,LT_60,LT_60,,,,,,,LT_297,LT_7,,,,,,,,,,,,1,1,,0,0
168,69,NL,43,2,LT_175,,,,,,,,,LT_297,LT_31.5,,,,,,,,,,,,1,1,,0,0
169,69,NL,41,3,LT_200,,,,,,,,,LT_357,LT_30,,,,,,,,,,,,1,1,,0,0
170,69,BE,43,1,LT_175,,,,,,,,,LT_297,LT_31.5,,,,,,,,,,,,1,1,,0,0
171,69,BE,41,2,LT_200,,,,,,,,,LT_357,LT_30,,,,,,,,,,,,1,1,,0,0
173,69,IT,41,1,LT_120,LT_60,LT_60,,,,,,,LT_297,LT_9,,,,,,,,,,,,1,1,,0,0
174,69,IT,43,2,LT_175,,,,,,,,,LT_297,LT_31.5,,,,,,,,,,,,1,1,,0,0
175,69,IT,41,3,LT_200,,,,,,,,,LT_357,LT_30,,,,,,,,,,,,1,1,,0,0
176,26,AT,30,1,LT_120,LT_60,LT_60,,,,,,,LT_297,LT_13,,,,,,,,,,,,1,1,,1,1746525781
177,26,AT,20,2,LT_120,LT_60,LT_60,,,LT_148,,,,LT_297,LT_31,,,,,,,,,,,,1,1,,1702430947,1762254217
179,26,AT,20,4,LT_175,,,,,,,,,LT_297,LT_31,,,,,,,,,,,,1,1,,0,1762254118
182,26,AT,25,5,LT_270,,,LT_43,,,,,,LT_400,LT_43,,,,,,,,,,,,1,1,,1702430947,1760703088
183,58,AT,41,1,LT_120,LT_60,LT_60,,,,,,,LT_297,LT_9,,,,,,,,,,,,1,1,,0,0
184,58,AT,43,2,LT_175,,,,,,,,,LTE_297,LT_31.5,,,,,,,,,,,,1,1,,0,0
185,58,AT,41,3,LT_200,,,,,,,,,LT_357,LT_30,,,,,,,,,,,,1,1,,0,0
186,69,AT,43,1,LT_175,,,,,,,,,LT_297,LT_31.5,,,,,,,,,,,,1,1,,0,0
187,69,AT,30,2,LT_200,,,,,,,,,LT_357,LT_30,,,,,,,,,,,,1,1,,0,0
191,74,GB,23,1,LT_120,,,,,,,,,LT_225,LT_15,,,,,,,,,,,,1,1,,0,0
194,74,GB,22,7,LT_320,,,,,,,,,,LT_50,,,,,,,,,,,,1,1,,0,1743642129
288,26,PT,30,1,LT_120,LT_60,LT_60,,,,,,,LT_297,LT_2,,,,,,,,,,,,1,1,,1721117252,1721117252
290,26,PT,20,3,LT_120,LT_60,LT_60,,,LT_148,,,,LT_297,LT_31,,,,,,,,,,,,1,1,,1721117252,1762254195
292,26,PT,20,5,LT_175,,,,,,,,,LT_297,LT_31,,,,,,,,,,,,1,1,,1721117252,1762254110
293,26,PT,25,6,LT_274,,,LT_43,,,,,,LT_400,LT_43,,,,,,,,,,,,1,1,,1721117252,1740213214
294,26,IE,30,1,LT_120,LT_60,LT_60,,,,,,,LT_297,LT_3,,,,,,,,,,,,1,1,,1721117309,1746526314
295,26,IE,20,2,LT_120,LT_60,LT_60,,,LT_148,,,,LT_297,LT_31,,,,,,,,,,,,1,1,,1721117309,1762254227
297,26,IE,20,4,LT_175,,,,,,,,,LT_297,LT_31,,,,,,,,,,,,1,1,,1721117309,1762254167
298,26,IE,25,5,LT_274,,,LT_43,,,,,,LT_400,LT_43,,,,,,,,,,,,1,1,,1721117309,1740213517
299,26,LU,25,1,LT_100,LT_75,LT_75,LT_14,,,,,,LT_297,LT_14,,,,,,,,,,,,1,1,,1721117609,1721117609
300,26,LU,20,2,LT_120,LT_60,LT_60,,,LT_148,,,,LT_297,LT_31,,,,,,,,,,,,1,1,,1721117609,1762254229
302,26,LU,20,4,LT_175,,,,,,,,,LT_297,LT_31,,,,,,,,,,,,1,1,,1721117609,1762254269
303,26,LU,25,5,LT_270,,,LT_43,,,,,,LT_400,LT_43,,,,,,,,,,,,1,1,,1721117610,1758098462
304,26,DK,25,1,LT_100,LT_75,LT_75,LT_22,,,,,,LT_297,LT_22,,,,,,,,,,,,1,1,,1721118127,1746526424
311,26,CZ,20,3,LT_120,LT_60,LT_60,,,LT_148,,,,LT_297,LT_31,,,,,,,,,,,,1,1,,1721118237,1762254204
312,26,CZ,25,4,LT_270,,,LT_43,,,,,,LT_400,LT_43,,,,,,,,,,,,1,1,,1721118237,1758098431
313,26,HU,30,1,LT_120,LT_60,LT_60,,,,,,,LT_297,LT_20,,,,,,,,,,,,1,1,,1721118447,1746526628
314,26,HU,20,2,LT_120,LT_60,LT_60,,,LT_148,,,,LT_297,LT_31,,,,,,,,,,,,1,1,,1721118447,1762254231
316,26,HU,20,4,LT_175,,,,,,,,,LT_297,LT_31,,,,,,,,,,,,1,1,,1721118447,1762254266
317,26,HU,25,5,LT_270,,,LT_43,,,,,,LT_400,LT_43,,,,,,,,,,,,1,1,,1721118447,1758098458
321,73,AT,30,1,LT_120,LT_60,LT_60,,,,,,,LT_297,LT_13,,,,,,,,,,,,1,1,,1721119469,1746525776
322,73,AT,20,2,LT_120,LT_60,LT_60,,,LT_148,,,,LT_297,LT_31,,,,,,,,,,,,1,1,,1721119469,1762254233
323,73,FR,30,1,LT_120,LT_60,LT_60,,,,,,,LT_297,LT_6,,,,,,,,,,,,1,1,,1721119569,1746525850
324,73,FR,20,2,LT_120,LT_60,LT_60,,,LT_148,,,,LT_297,LT_31,,,,,,,,,,,,1,1,,1721119569,1762254254
325,73,IT,30,1,LT_120,LT_60,LT_60,,,,,,,LT_297,LT_12,,,,,,,,,,,,1,1,,1721119649,1746525892
326,73,IT,20,2,LT_120,LT_60,LT_60,,,LT_148,,,,LT_297,LT_31,,,,,,,,,,,,1,1,,1721119650,1762254252
327,73,ES,30,1,LT_120,LT_60,LT_60,,,,,,,LT_297,LT_22,,,,,,,,,,,,1,1,,1721119740,1746525965
328,73,ES,20,2,LT_120,LT_60,LT_60,,,LT_148,,,,LT_297,LT_31,,,,,,,,,,,,1,1,,1721119740,1762254249
329,73,BE,30,2,LT_120,LT_60,LT_60,,,,,,,LT_297,LT_12,,,,,,,,,,,,1,1,,1721119950,1746526010
330,73,BE,20,3,LT_120,LT_60,LT_60,,,LT_148,,,,LT_297,LT_31,,,,,,,,,,,,1,1,,1721119950,1762254198
331,73,NL,30,1,LT_120,LT_60,LT_60,,,,,,,LT_297,LT_16,,,,,,,,,,,,1,1,,1721120168,1746526101
332,73,NL,20,2,LT_120,LT_60,LT_60,,,LT_148,,,,LT_297,LT_31,,,,,,,,,,,,1,1,,1721120168,1762254244
333,73,PL,30,1,LT_120,LT_60,LT_60,,,,,,,LT_297,LT_30,,,,,,,,,,,,1,1,,1721120404,1721120404
334,73,PL,20,2,LT_120,LT_60,LT_60,,,LT_148,,,,LT_297,LT_31,,,,,,,,,,,,1,1,,1721120404,1762254247
335,73,PT,30,1,LT_120,LT_60,LT_60,,,,,,,LT_297,LT_2,,,,,,,,,,,,1,1,,1721120510,1740212798
336,73,PT,20,3,LT_120,LT_60,LT_60,,,LT_148,,,,LT_297,LT_31,,,,,,,,,,,,1,1,,1721120510,1762254206
337,73,IE,30,1,LT_120,LT_60,LT_60,,,,,,,LT_297,LT_3,,,,,,,,,,,,1,1,,1721120595,1746526311
338,73,IE,20,2,LT_120,LT_60,LT_60,,,LT_148,,,,LT_297,LT_31,,,,,,,,,,,,1,1,,1721120596,1762254242
339,73,LU,20,4,LT_175,,,,,,,,,LT_297,LT_31,,,,,,,,,,,,1,1,,1721120684,1762254264
341,73,CZ,30,2,LT_120,LT_60,LT_60,,,,,,,LT_297,LT_20,,,,,,,,,,,,1,1,,1721120850,1746526571
342,73,CZ,20,3,LT_120,LT_60,LT_60,,,LT_148,,,,LT_297,LT_31,,,,,,,,,,,,1,1,,1721120850,1762254208
343,73,HU,30,1,LT_120,LT_60,LT_60,,,,,,,LT_297,LT_20,,,,,,,,,,,,1,1,,1721120925,1746526624
344,73,HU,20,4,LT_175,,,,,,,,,LT_297,LT_31,,,,,,,,,,,,1,1,,1721120925,1762254261
345,58,PT,41,1,LT_120,LT_60,LT_60,,,,,,,LT_297,LT_28,,,,,,,,,,,,1,1,,1721121038,1721121038
346,58,PT,43,2,LT_175,,,,,,,,,LTE_297,LT_31.5,,,,,,,,,,,,1,1,,1721121038,1721121038
347,58,PT,41,3,LT_200,,,,,,,,,LT_357,LT_30,,,,,,,,,,,,1,1,,1721121038,1721121038
348,58,IE,41,1,LT_120,LT_60,LT_60,,,,,,,LT_297,LT_8,,,,,,,,,,,,1,1,,1721121398,1721121398
349,58,IE,43,2,LT_175,,,,,,,,,LTE_297,LT_31.5,,,,,,,,,,,,1,1,,1721121398,1721121398
350,58,IE,41,3,LT_200,,,,,,,,,LT_357,LT_30,,,,,,,,,,,,1,1,,1721121398,1721121398
351,58,LU,41,1,LT_120,LT_60,LT_60,,,,,,,LT_297,LT_7,,,,,,,,,,,,1,1,,1721121500,1721121500
352,58,LU,43,2,LT_175,,,,,,,,,LTE_297,LT_31.5,,,,,,,,,,,,1,1,,1721121500,1721121500
353,58,LU,41,3,LT_200,,,,,,,,,LT_357,LT_30,,,,,,,,,,,,1,1,,1721121500,1721121500
354,58,DK,43,1,LT_175,,,,,,,,,LTE_297,LT_31.5,,,,,,,,,,,,1,1,,1721121630,1721121630
355,58,DK,41,2,LT_200,,,,,,,,,LT_357,LT_30,,,,,,,,,,,,1,1,,1721121630,1721121630
356,58,CZ,41,1,LT_120,LT_60,LT_60,,,,,,,LT_297,LT_10,,,,,,,,,,,,1,1,,1721121714,1721121714
357,58,CZ,43,2,LT_175,,,,,,,,,LTE_297,LT_31.5,,,,,,,,,,,,1,1,,1721121714,1721121714
358,58,CZ,41,3,LT_200,,,,,,,,,LT_357,LT_31.5,,,,,,,,,,,,1,1,,1721121714,1721121714
359,58,HU,41,1,LT_120,LT_60,LT_60,,,,,,,LT_297,LT_19,,,,,,,,,,,,1,1,,1721121815,1721121815
360,58,HU,43,2,LT_175,,,,,,,,,LTE_297,LT_31.5,,,,,,,,,,,,1,1,,1721121815,1721121815
361,58,HU,41,3,LT_200,,,,,,,,,LT_357,LT_30,,,,,,,,,,,,1,1,,1721121815,1721121815
363,69,PT,43,1,LT_175,,,,,,,,,LT_297,LT_31.5,,,,,,,,,,,,1,1,,1721121910,1721121910
364,69,PT,41,2,LT_200,,,,,,,,,LT_357,LT_30,,,,,,,,,,,,1,1,,1721121910,1721121910
366,69,IE,43,1,LT_175,,,,,,,,,LT_297,LT_31.5,,,,,,,,,,,,1,1,,1721121990,1721121990
367,69,IE,41,2,LT_200,,,,,,,,,LT_357,LT_30,,,,,,,,,,,,1,1,,1721121990,1721121990
368,69,LU,43,1,LT_175,,,,,,,,,LT_297,LT_31.5,,,,,,,,,,,,1,1,,1721122050,1721122050
369,69,LU,41,2,LT_200,,,,,,,,,LT_357,LT_30,,,,,,,,,,,,1,1,,1721122050,1721122050
370,69,DK,41,1,LT_120,LT_60,LT_60,,,,,,,LT_297,LT_5,,,,,,,,,,,,1,1,,1721122134,1721122134
371,69,DK,43,2,LT_175,,,,,,,,,LT_297,LT_31.5,,,,,,,,,,,,1,1,,1721122134,1721122134
372,69,DK,41,3,LT_200,,,,,,,,,LT_357,LT_30,,,,,,,,,,,,1,1,,1721122134,1721122134
373,69,CZ,41,1,LT_120,LT_60,LT_60,,,,,,,LT_297,LT_8,,,,,,,,,,,,1,1,,1721122208,1721122208
374,69,CZ,43,2,LT_175,,,,,,,,,LT_297,LT_31.5,,,,,,,,,,,,1,1,,1721122208,1721122208
375,69,CZ,41,3,LT_200,,,,,,,,,LT_357,LT_30,,,,,,,,,,,,1,1,,1721122208,1721122208
376,69,HU,41,1,LT_120,LT_60,LT_60,,,,,,,LT_297,LT_30,,,,,,,,,,,,1,1,,1721122283,1721122283
377,69,HU,43,2,LT_175,,,,,,,,,LT_297,LT_31.5,,,,,,,,,,,,1,1,,1721122283,1721122283
378,69,HU,41,3,LT_200,,,,,,,,,LT_357,LT_30,,,,,,,,,,,,1,1,,1721122283,1721122283
379,59,FR,43,1,LT_175,,,LT_30,,,,,,LT_297,LT_29,,,,,,,,,,,,2,1,,1723192413,1757920897
380,59,ES,43,1,LT_175,,,LT_30,,,,,,LT_297,LT_30,,,,,,,,,,,,2,1,,1723192413,1757920899
381,26,DE,25,4,LT_175,,,LT_20,,,,,,LT_297,LT_20,,,,,,,,,,,,1,1,,0,1746525540
382,26,DE,25,6,LT_270,,,LT_40,,,,,,LT_297,LT_40,,,,,,,,,,,,1,1,,0,1758512802
383,26,AT,25,3,LT_175,,,LT_14,,,,,,LT_297,LT_14,,,,,,,,,,,,1,1,,0,1746525815
384,26,FR,25,3,LT_175,,,LT_14,,,,,,LT_297,LT_14,,,,,,,,,,,,1,1,,0,0
385,26,IT,25,3,LT_175,,,LT_14,,,,,,LT_297,LT_14,,,,,,,,,,,,1,1,,0,0
386,26,ES,25,3,LT_175,,,LT_22,,,,,,LT_297,LT_22,,,,,,,,,,,,1,1,,0,0
387,26,NL,25,3,LT_175,,,LT_28,,,,,,LT_297,LT_28,,,,,,,,,,,,1,1,,0,1746526128
388,26,PL,20,4,LT_175,,,,,,,,,LT_297,LT_31,,,,,,,,,,,,1,1,,0,1762254122
389,26,PL,25,5,LT_274,,,LT_43,,,,,,LT_400,LT_43,,,,,,,,,,,,1,1,,0,1740212700
390,26,PT,25,2,LT_100,LT_75,LT_75,LT_14,,,,,,LT_297,LT_14,,,,,,,,,,,,1,1,,0,0
391,26,PT,25,4,LT_175,,,LT_22,,,,,,LT_297,LT_22,,,,,,,,,,,,1,1,,0,0
392,26,IE,25,3,LT_175,,,LT_14,,,,,,LT_297,LT_14,,,,,,,,,,,,1,1,,0,0
393,26,LU,25,3,LT_175,,,LT_28,,,,,,LT_297,LT_28,,,,,,,,,,,,1,1,,0,1746526375
394,26,DK,25,5,LT_274,,,LT_43,,,,,,LT_400,LT_43,,,,,,,,,,,,1,1,,0,1740214144
395,26,CZ,25,1,LT_100,LT_75,LT_75,LT_25,,,,,,LT_297,LT_25,,,,,,,,,,,,1,1,,0,0
396,26,CZ,30,2,LT_120,LT_60,LT_60,,,,,,,LT_297,LT_20,,,,,,,,,,,,1,1,,0,1746526576
397,26,HU,25,3,LT_270,,,LT_14,,,,,,LT_297,LT_14,,,,,,,,,,,,1,1,,0,1758098427
399,73,DE,20,1,LT_120,LT_60,LT_60,,,LT_148,,,,LT_297,LT_31,,,,,,,,,,,,1,1,,1721119569,1764839789
402,58,DE,41,1,LT_120,LT_60,LT_60,,,,,,,LT_297,LT_10,,,,,,,,,,,,1,1,,0,0
403,58,DE,43,2,LT_175,,,,,,,,,LTE_297,LT_31,,,,,,,,,,,,1,1,,0,1762253969
405,80,GB,23,1,LT_120,,,,,,,,,LT_225,LT_15,,,,,,,,,,,,2,1,,0,1766109035
407,80,GB,22,10,LT_320,,,,,,,,,,LT_50,,,,,,,,,,,,1,1,,0,1768190676
410,74,GB,45,6,LT_180,,,,,,,,,LT_415,LT_30,LT_240,,,,,,,,,,,1,1,,0,1743642141
411,80,GB,45,5,LT_180,,,,,,,,,LT_415,LT_30,LT_240,,,,,,,,,,,2,1,,0,1766112414
419,26,DE,29,0,,,,,,,,,,,,,,,,,,,,,G-VN24-0513-WT-1,,1,1,,1733361330,1737599585
420,26,DE,29,0,,,,,,,,,,,,,,,,,,,,,G-VN24-0513-WT-2,,1,1,,1733361330,1733361330
425,26,BE,25,1,LT_100,LT_75,LT_75,LT_14,,,,,,LT_297,LT_14,,,,,,,,,,,,1,1,,0,0
431,96,IT,41,1,LT_100,,,LT_30,,,,,,,LT_25,,,,,,,,,,,,1,1,,0,1759299492
432,96,IT,41,3,,,,,,,,,,,LT_50,,,,,,,,,,,,1,1,,0,1759906390
433,97,ES,61,1,LT_198,,,LT_39,,,,LT_297,,,LT_39,,,,2,,,,,,,,1,1,,1737027536,1763638459
434,97,ES,63,1,LT_200,,,,,,,LT_297,,,LT_39,,,,2,,,,,,,,1,2,,1737027619,1763637111
435,97,ES,63,3,LT_200,,,,,,,LT_297,,,LT_39,,,,2,,,,,,,,1,1,,1737077629,1763637116
445,73,DE,25,3,LT_100,LT_76,,LT_24,,,,,,LT_297,LT_24,,,,2,,,,,,,,1,1,,1740129866,1764727801
446,73,DE,20,4,LT_175,,,,,,,,,LT_297,LT_31,,,,2,,,,,,,,1,1,,1740130009,1764839807
447,73,DE,25,5,LT_270,,,LT_40,,,,,,LT_297,LT_40,,,,2,,,,,,,,1,1,,1740130069,1758512977
448,73,DE,29,6,LT_200,,,,,,,,,LT_357,LT_31.5,,,,2,,,,,,,,1,1,,1740130203,1765243060
449,73,DE,25,7,LT_270,,,LT_44,,,,,,LT_400,LT_44,,,,2,,,,,,,,1,1,,1740130251,1758512981
450,73,AT,25,3,LT_175,,,LT_14,,,,,,LT_297,LT_14,,,,2,,,,,,,,1,1,,1740133337,1746525812
451,73,AT,20,4,LT_175,,,,,,,,,LT_297,LT_31,,,,2,,,,,,,,1,1,,1740133400,1762254180
452,73,AT,25,5,LT_274,,,LT_43,,,,,,LT_400,LT_43,,,,2,,,,,,,,1,1,,1740133574,1740133574
453,73,FR,25,3,LT_175,,,LT_14,,,,,,LT_297,LT_14,,,,2,,,,,,,,1,1,,1740134144,1740134144
455,73,FR,20,4,LT_175,,,,,,,,,LT_297,LT_31,,,,2,,,,,,,,1,1,,1740134240,1762254174
456,73,FR,25,5,LT_274,,,LT_43,,,,,,LT_400,LT_43,,,,2,,,,,,,,1,1,,1740134315,1740134315
457,73,IT,25,3,LT_175,,,LT_14,,,,,,LT_297,LT_14,,,,2,,,,,,,,1,1,,1740134709,1740134709
458,73,IT,20,4,LT_175,,,,,,,,,LT_297,LT_31,,,,2,,,,,,,,1,1,,1740134798,1762254177
459,73,IT,25,5,LT_274,,,LT_43,,,,,,LT_400,LT_43,,,,2,,,,,,,,1,1,,1740134854,1740134854
460,73,ES,25,3,LT_175,,,LT_22,,,,,,LT_297,LT_22,,,,2,,,,,,,,1,1,,1740209883,1740209883
461,73,ES,20,4,LT_175,,,,,,,,,LT_297,LT_31,,,,2,,,,,,,,1,1,,1740209958,1762254182
462,73,ES,25,5,LT_274,,,LT_43,,,,,,LT_400,LT_43,,,,2,,,,,,,,1,1,,1740210032,1740210032
463,73,BE,25,1,LT_100,LT_75,LT_75,LT_14,,,,,,LT_297,LT_14,,,,2,,,,,,,,1,1,,1740210226,1740210226
464,73,BE,25,4,LT_175,,,LT_28,,,,,,LT_297,LT_28,,,,2,,,,,,,,1,1,,1740210397,1746526033
465,73,BE,20,5,LT_175,,,,,,,,,LT_297,LT_31,,,,2,,,,,,,,1,1,,1740210445,1762254112
466,73,BE,25,6,LT_274,,,LT_43,,,,,,LT_400,LT_43,,,,2,,,,,,,,1,1,,1740210508,1740210508
467,73,NL,25,3,LT_175,,,LT_28,,,,,,LT_297,LT_28,,,,2,,,,,,,,1,1,,1740210652,1746526123
468,73,NL,20,4,LT_175,,,,,,,,,LT_297,LT_31,,,,2,,,,,,,,1,1,,1740210737,1762254184
469,73,NL,25,5,LT_274,,,LT_43,,,,,,LT_400,LT_43,,,,2,,,,,,,,1,1,,1740210788,1740210788
470,73,PL,25,3,LT_175,,,LT_24,,,,,,LT_297,LT_24,,,,2,,,,,,,,1,1,,1740212576,1740212576
471,73,PL,20,4,LT_175,,,,,,,,,LT_297,LT_31,,,,2,,,,,,,,1,1,,1740212643,1762254187
472,73,PL,25,5,LT_274,,,LT_43,,,,,,LT_400,LT_43,,,,2,,,,,,,,1,1,,1740212691,1740212691
473,73,PT,25,2,LT_100,LT_75,LT_75,LT_14,,,,,,LT_297,LT_14,,,,2,,,,,,,,1,1,,1740212894,1740212894
475,73,PT,25,4,LT_175,,,LT_22,,,,,,LT_297,LT_22,,,,2,,,,,,,,1,1,,1740213078,1740213078
476,73,PT,20,5,LT_175,,,,,,,,,LT_297,LT_31,,,,2,,,,,,,,1,1,,1740213152,1762254114
477,73,PT,25,6,LT_274,,,LT_43,,,,,,LT_400,LT_43,,,,2,,,,,,,,1,1,,1740213204,1740213204
478,73,IE,25,3,LT_175,,,LT_14,,,,,,LT_297,LT_14,,,,2,,,,,,,,1,1,,1740213405,1740213405
479,73,IE,20,4,LT_175,,,,,,,,,LT_297,LT_31,,,,2,,,,,,,,1,1,,1740213465,1762254190
480,73,IE,25,5,LT_274,,,LT_43,,,,,,LT_400,LT_43,,,,2,,,,,,,,1,1,,1740213511,1740213511
481,73,LU,25,1,LT_100,LT_75,LT_75,LT_14,,,,,,LT_297,LT_14,,,,2,,,,,,,,1,1,,1740213645,1740213645
482,73,LU,20,2,LT_120,LT_60,LT_60,,,LT_148,,,,LT_297,LT_31,,,,2,,,,,,,,1,1,,1740213704,1762254159
483,73,LU,25,3,LT_175,,,LT_28,,,,,,LT_297,LT_28,,,,2,,,,,,,,1,1,,1740213743,1746526371
484,73,LU,25,5,LT_274,,,LT_43,,,,,,LT_400,LT_43,,,,2,,,,,,,,1,1,,1740213782,1740213782
485,73,DK,25,1,LT_100,LT_75,LT_75,LT_22,,,,,,LT_297,LT_22,,,,2,,,,,,,,1,1,,1740213922,1746526421
486,73,DK,20,2,LT_120,LT_60,LT_60,,,LT_148,,,,LT_297,LT_31,,,,2,,,,,,,,1,1,,1740214006,1762254156
487,26,DK,20,2,LT_120,LT_60,LT_60,,,LT_148,,,,LT_297,LT_31,,,,2,,,,,,,,1,1,,1740214088,1762254154
489,73,DK,25,5,LT_274,,,LT_43,,,,,,LT_400,LT_43,,,,2,,,,,,,,1,1,,1740214173,1740214173
490,73,CZ,25,1,LT_100,LT_75,LT_75,LT_25,,,,,,LT_297,LT_25,,,,2,,,,,,,,1,1,,1740214336,1740214336
491,73,CZ,25,4,LT_274,,,LT_43,,,,,,LT_400,LT_43,,,,2,,,,,,,,1,1,,1740214442,1740214442
492,73,HU,20,2,LT_120,LT_60,LT_60,,,LT_148,,,,LT_297,LT_31,,,,2,,,,,,,,1,1,,1740214619,1762254151
493,73,HU,25,3,LT_274,,,LT_14,,,,,,LT_297,LT_14,,,,2,,,,,,,,1,1,,1740214670,1740214670
494,73,HU,25,5,LT_274,,,LT_43,,,,,,LT_400,LT_43,,,,2,,,,,,,,1,1,,1740214712,1740214712
504,105,FR,68,1,LT_120,,,,,,,LT_150,,LT_297,LT_30,,,,2,,,,,,,,1,1,,1741833067,1757465805
505,105,FR,43,6,LT_200,,,LT_14,,,,,,LT_297,LT_14,,,,2,,,,,,,,2,1,,1741833332,1757483888
506,105,FR,68,3,LT_200,,,,,,,,,LT_297,LT_30,,,,2,,,,,,,,1,1,,1741833384,1762306752
507,105,FR,70,4,LT_400,LT_200,,,,,,,,,,,LT_4,,2,,,,,,,,1,1,,1741833447,1751520731
517,74,GB,71,1,LT_120,,,,,,,,,LT_225,LT_15,,,Ó˘ąú´ÎČŐ´ď¶©µĄąĚ¶¨·˘Evri_24,2,,,,,,,,1,3,,1742960583,1742969777
518,80,GB,71,1,LT_120,,,,,,,,,LT_225,LT_15,,,Ó˘ąú´ÎČŐ´ď¶©µĄąĚ¶¨·˘Evri_24,2,,,,,,,,1,3,,1742960583,1742969797
521,97,ES,63,1,LT_200,,,,,,,LTE_297,,,LTE_39,,,,2,,,,,,,,1,3,,1743407782,1763637079
522,105,FR,68,1,LT_150,,,LT_30,,,,,,LT_297,LT_30,,,,2,,,,,,,,1,3,,1743493528,1757472557
523,74,GB,35,2,LT_90,,,,,,,,,,LT_29.5,,LT_0.113,,2,,,,,,,,1,1,,1743642105,1743642105
524,74,GB,35,3,LT_120,,,,,,,,,,LT_17,,LT_0.23,,2,,,,,,,,1,1,,1743642189,1743642189
525,74,GB,43,4,LT_100,LT_70,LT_60,,,,,,,,LT_30,,,,2,,,,,,,,1,1,,1743642353,1758859713
527,80,GB,35,2,LT_90,,,,,,,,,,LT_10,,LT_0.113,,2,,,,,,,,1,1,,1743642636,1765175969
528,80,GB,43,3,LT_100,LT_70,LT_60,,,,,LT_230,,,LT_30,,,,2,,,,,,,,1,1,,1743642724,1765175973
529,96,IT,58,2,GT_100,,,LT_12,,,,,,,LT_12,,,,2,,,,,,,,2,1,,1743820057,1764836845
530,96,IT,41,1,LT_100,,,LT_30,,,,,,,LT_25,,,,2,,,,,,,,1,3,,1744098865,1744098919
532,74,GB,73,8,LT_320,,,,,,,,,,LT_50,,,,2,,,,,,,,1,1,,1744189404,1744189404
533,80,GB,73,11,LT_320,,,,,,,,,,LT_50,,,,2,,,,,,,,1,1,,1744189434,1768190678
545,73,DE,20,1,LT_120,LT_60,LT_60,,,LT_148,,,,LT_297,LT_31,,,,2,,,,,,,,1,2,,1744354251,1762253953
553,26,DE,20,1,LT_120,LT_60,LT_60,,,LT_148,,,,LT_297,LT_5,,,,2,,,,,,,,1,2,,1744698060,1752457947
554,26,DE,29,2,LT_120,LT_60,LT_60,,,,,,,LT_297,LT_20,,,,2,,,,,,,,1,2,,1744698213,1751284476
555,26,DE,20,3,LT_120,LT_60,,,,LT_148,,,,LT_297,LT_31,,,,2,,,,,,,,1,2,,1744698270,1762253988
558,69,DE,41,1,LT_120,LT_60,LT_60,,,,,,,LT_297,LT_5,,LT_0.147,,2,,,,,,,,2,2,,1744768035,1765502693
559,69,DE,68,2,LT_120,LT_60,,,,,,,,LT_297,LT_20,,LT_0.147,,2,,,,,,,,1,2,,1744768128,1763640280
560,69,DE,43,3,LT_117,LT_57,,,,,,,,LT_297,LT_31,,LT_0.147,,2,,,,,,,,1,2,,1744768170,1763640401
563,109,DE,43,1,LT_175,,,,,,,,,LT_297,LT_31,,,,,,,,,,,,1,2,,0,1762253962
564,109,DE,25,2,GT_175@LT_270,,,,,,,,,LT_297,LT_31.5,,,,,,,,,,,,1,2,,0,1758513038
565,109,DE,29,3,LT_200,,,,,,,,,GT_297@LTE_360,LT_31.5,,,,,,,,,,,,1,2,,0,1751339824
566,109,DE,25,4,,,,,,,,,,LT_297,GT_32@LT_40,,,,,,,,,,,,1,2,,0,1751339827
567,109,DE,25,5,,,,,,,,,,GT_330@LTE_400,GT_32@LT_44,,,,,,,,,,,,1,2,,0,1751339829
569,57,DE,20,1,LT_175,,,,,,,,,LT_297,LT_31,,,,2,,,,,,,,1,1,,1745320305,1762253949
580,26,DE,20,1,LT_120,LT_60,LT_60,,,LT_148,,,,LT_297,LT_5,,,,2,,,,,,,,1,1,,1746525593,1752457923
582,109,DE,20,1,LT_175,,,,,,,,,LT_297,LT_31,,,,2,,,,,,,,1,1,,1746588887,1762253313
583,109,DE,26,2,LT_200,LT_80,LT_80,,,,,,,LT_297,LT_40,,,,2,,,,,,,,1,1,,1746588974,1746588974
584,109,DE,29,3,LT_200,,,,,,,,,LT_357,LT_31.5,,,,2,,,,,,,,1,1,,1746589021,1746589021
587,109,AT,20,1,LT_175,,,,,,,,,LT_297,LT_31,,,,2,,,,,,,,1,1,,1747895439,1762254148
588,113,ES,83,1,LT_150,LT_80,LT_80,LT_7,,,,LTE_297,,,LT_10,,,,2,,,,,,,,1,1,,1747912044,1766130112
589,113,ES,83,2,LT_120,GTE_80,,LT_7,,,,LTE_297,,,LT_10,,,,2,,,,,,,,1,1,,1747912115,1766130116
590,113,ES,82,4,LT_150,LT_80,LT_80,,,,,LTE_238,,,LT_39.5,,,,2,,,,,,,,2,1,,1747912218,1766130881
591,113,ES,82,5,LT_120,GTE_80,,,,,,LTE_238,,,LT_39.5,,,,2,,,,,,,,2,1,,1747912277,1766130882
592,113,ES,83,7,LT_150,LT_80,LT_80,LT_20,,,,LTE_297,,,LT_20,,,,2,,,,,,,,1,1,,1747912338,1766130539
593,113,ES,83,8,LT_120,GTE_80,,LT_20,,,,LTE_297,,,LT_20,,,,2,,,,,,,,1,1,,1747912387,1766130542
594,113,ES,82,9,LT_200,LT_80,LT_80,,,,,LTE_238,,,LT_39.5,,,,2,,,,,,,,2,1,,1747912441,1766130883
595,113,ES,83,10,LT_150,LT_80,LT_80,LT_30,,,,LTE_297,,,LT_30,,,,2,,,,,,,,1,1,,1747912495,1766130549
596,113,ES,83,11,LT_120,GTE_80,,LT_30,,,,LTE_297,,,LT_30,,,,2,,,,,,,,1,1,,1747912540,1766130552
597,113,ES,82,12,LT_200,GTE_80,,,,,,LTE_238,,,LT_39.5,,,,2,,,,,,,,2,1,,1747912597,1766130885
598,113,ES,82,13,LT_240,LT_80,LT_80,,,,,LTE_238,,,LT_39.5,,,,2,,,,,,,,2,1,,1747912690,1766130886
599,113,ES,83,14,LT_150,,,LT_39.5,,,,LTE_297,,,LT_39.5,,,,2,,,,,,,,1,1,,1747912739,1766130559
600,113,ES,82,15,LT_250,,,,,,,LTE_307,,,LT_39.5,,,,2,,,,,,,,2,1,,1747912792,1766130888
601,109,FR,20,1,LT_175,,,,,,,,,LT_297,LT_31,,,,2,,,,,,,,1,1,,1748227206,1762254144
602,109,ES,20,1,LT_175,,,,,,,,,LT_297,LT_31,,,,2,,,,,,,,1,1,,1748227263,1762254139
603,109,IT,20,1,LT_175,,,,,,,,,LT_297,LT_31,,,,2,,,,,,,,1,1,,1748227306,1762254137
604,109,BE,20,1,LT_175,,,,,,,,,LT_297,LT_31,,,,2,,,,,,,,1,1,,1748310172,1762254135
605,109,NL,20,1,LT_175,,,,,,,,,LT_297,LT_31,,,,2,,,,,,,,1,1,,1748316785,1762254132
606,113,ES,82,1,LT_150,LT_80,LT_80,,,,,LTE_238,,,LT_39.5,,,,2,,,,,,,,1,2,,1748321518,1753951338
607,113,ES,82,2,LT_120,GTE_80,,,,,,LTE_238,,,LT_39.5,,,,2,,,,,,,,1,2,,1748321589,1753951345
608,114,IT,58,1,LT_150,LT_75,LT_75,,,,LT_180,,,,LT_10,,,,2,,,,,,,,1,1,,1748402703,1766633567
609,114,IT,84,2,LT_178,LT_118,LT_98,LT_30,,,,,,,LT_30,,,,2,,,,,,,,1,1,,1748402771,1748402771
610,114,IT,58,3,LT_150,LT_75,LT_75,,,,LT_180,,,,LT_30,,,,2,,,,,,,,1,1,,1748402837,1766633569
611,114,IT,84,4,LT_178,LT_118,LT_98,LT_31.5,,,,,,,LT_31.5,,,,2,,,,,,,,1,1,,1748402905,1748402905
612,115,FR,68,1,LT_200,LT_80,LT_60,,,,,,,LT_297,LT_30,,,,2,,,,,,,,1,1,,1748937005,1748937005
613,113,ES,82,1,LT_150,LT_80,LT_80,,,,,LTE_238,,,LT_39.5,,,,2,,,,,,,,1,3,,1749175616,1749175656
614,113,ES,82,2,LT_120,GTE_80,,,,,,LTE_238,,,LTE_ 39.5,,,,2,,,,,,,,1,3,,1749175752,1749175752
615,113,ES,82,3,GT_150@LT_200,LT_80,LT_80,,,,,LTE_238,,,LTE_39.5,,,,2,,,,,,,,1,3,,1749176222,1749176356
616,113,ES,82,4,GT_150@LT_200,GTE_80,,,,,,LTE_238,,,LTE_39.5,,,,2,,,,,,,,1,3,,1749176288,1749176348
619,114,IT,58,1,LT_150,LT_75,LT_75,,,,,,,,LT_10,,,,2,,,,,,,,2,2,,1749608715,1749625146
620,114,IT,84,2,LT_178,LT_118,LT_98,LT_30,,,,,,,LT_30,,,,2,,,,,,,,2,2,,1749609835,1749625148
621,114,IT,58,3,LT_150,LT_75,LT_75,,,,,,,,LT_30,,,,2,,,,,,,,2,2,,1749609992,1749625150
622,114,IT,84,4,LT_178,LT_118,LT_98,LT_31.5,,,,,,,LT_31.5,,,,2,,,,,,,,2,2,,1749610041,1749625151
649,55,GB,23,1,LT_119,,,,,,,,,LT_223,LT_15,,,,2,,,,,,,,2,1,,1750388303,1764727943
650,55,GB,94,3,LT_119,,,,,,LT_248,,,,LT_30,,LT_0.28,,2,,,,,,,,1,1,,1750388445,1768806227
651,55,GB,23,4,LT_178,,,,,,,,,LT_415,LT_30,LT_240,,,2,,,,,,,,2,1,,1750388557,1767692251
652,73,DE,25,0,,,,,,,,,,,,,,,2,,,,,,G-VN24-0558A-2-1,,1,1,,1750840015,1750840015
653,73,DE,25,0,,,,,,,,,,,,,,,2,,,,,,G-VN24-0558A-2-2,,1,1,,1750840075,1750840075
654,73,DE,25,0,,,,,,,,,,,,,,,2,,,,,,G-VN24-0558B-2-1,,1,1,,1750840103,1750840103
655,73,DE,25,0,,,,,,,,,,,,,,,2,,,,,,G-VN24-0558B-2-2,,1,1,,1750840122,1750840122
656,121,FR,69,1,LT_150,,,LT_30,,,,,,LT_297,LT_30,,,,2,,,,,,,,1,1,,1751264751,1751264751
657,121,FR,68,2,LT_120,,,,,,,LT_150,,LT_297,LT_30,,,,2,,,,,,,,1,1,,1751265127,1751265127
658,121,FR,68,3,LT_200,,,,,,,,,LT_297,LT_30,,,,2,,,,,,,,1,1,,1751265184,1751265184
659,121,FR,70,4,LT_400,LT_200,,,,,,,,,,,LT_4,,2,,,,,,,,1,1,,1751265261,1751265261
661,26,DE,25,4,LT_175,,,LT_20,,,,,,LT_297,LT_20,,,,2,,,,,,,,1,2,,1751336849,1751336849
662,26,DE,20,5,LT_175,,,,,,,,,LT_297,LT_31,,,,2,,,,,,,,1,2,,1751336902,1762254011
663,26,DE,25,6,LT_270,,,LT_40,,,,,,LT_297,LT_40,,,,2,,,,,,,,1,2,,1751336969,1758512824
664,26,DE,29,7,LT_200,,,,,,,,,LT_357,LT_31.5,,,,2,,,,,,,,1,2,,1751337330,1751337330
665,26,DE,25,8,LT_270,,,LT_44,,,,,,LT_400,LT_44,,,,2,,,,,,,,1,2,,1751337385,1758512828
666,73,DE,25,3,LT_175,,,LT_20,,,,,,LT_297,LT_20,,,,2,,,,,,,,1,2,,1751337753,1755086867
667,73,DE,20,4,LT_175,,,,,,,,,LT_297,LT_31,,,,2,,,,,,,,1,2,,1751338083,1762253996
668,73,,25,6,LT_274,,,LT_40,,,,,,LT_297,LT_40,,,,2,,,,,,,,1,1,,1751338361,1751338361
669,73,DE,25,5,LT_270,,,LT_40,,,,,,LT_297,LT_40,,,,2,,,,,,,,1,2,,1751339329,1758513012
670,73,DE,29,6,LT_200,,,,,,,,,LT_357,LT_31.5,,,,2,,,,,,,,1,2,,1751339369,1755086874
671,73,DE,25,7,LT_270,,,LT_44,,,,,,LT_400,LT_44,,,,2,,,,,,,,1,2,,1751339411,1758513016
672,57,DE,25,4,GT_175@LT_270,,,,,,,,,LT_297,LT_31.5,,,,2,,,,,,,,1,1,,1751423048,1758512887
673,59,FR,43,1,LT_175,,,LT_30,,,,,,LT_297,LT_29,,,,2,,,,,,,,2,2,,1751445039,1757920895
674,115,FR,68,1,LT_200,LT_80,LT_60,,,,,,,LT_297,LT_30,,,,2,,,,,,,,1,2,,1751445113,1751445113
675,105,FR,68,1,LT_120,,,,,,,LT_150,,LT_297,LT_30,,,,2,,,,,,,,1,2,,1751520597,1762306824
676,105,FR,68,3,LT_200,,,,,,,,,LT_297,LT_30,,,,2,,,,,,,,1,2,,1751520645,1762306889
677,105,FR,70,4,LT_400,LT_200,,,,,,,,,,,LT_4,,2,,,,,,,,1,2,,1751520687,1762306829
679,97,ES,62,2,LT_120,,,,,,,LT_208,,,LT_30,,,,2,,,,,,,,1,1,,1751522725,1751522725
680,115,FR,68,1,LT_200,LT_80,LT_60,,,,,,,LT_297,LT_30,,,,2,,,,,,,,1,3,,1751599934,1751599934
681,69,DE,68,2,LT_120,LT_60,,,,,,,,LT_297,LT_20,,LT_0.147,,2,,,,,,,,1,1,,1751884079,1763640271
682,69,DE,68,6,GTE_120@LT_200,,,,,,,,,LT_297,LT_20,,LT_0.147,,2,,,,,,,,1,1,,1751884278,1763640324
683,69,DE,43,5,GTE_120@LT_175,,,,,,,,,LT_297,LT_5,,,,2,,,,,,,,1,1,,1751884376,1763640128
684,69,DE,68,6,GTE_120@LT_200,,,,,,,,,LT_297,LT_20,,LT_0.147,,2,,,,,,,,1,2,,1751884814,1763640320
685,69,DE,43,5,GTE_120@LT_175,,,,,,,,,LT_297,LT_5,,,,2,,,,,,,,1,2,,1751884866,1763640304
686,69,DE,41,8,LT_200,,,,,,,,,LT_357,LT_31.5,,,,2,,,,,,,,1,2,,1751884910,1763640333
697,26,DE,29,4,LT_120,LT_60,,,,,,,,LT_297,GT_20@LT_31.5,,,,2,,,,,,,,1,1,,1752634415,1752634465
698,73,DE,29,2,LT_120,LT_60,LT_60,,,,,,,LT_297,LT_31.5,,,,2,,,,,,,,1,1,,1752634728,1765242777
699,73,DE,29,2,LT_120,LT_60,LT_60,,,,,,,LT_297,LT_31.5,,,,2,,,,,,,,1,2,,1752634829,1755086865
700,26,DE,29,4,LT_120,LT_60,,,,,,,,LT_297,GT_20@LT_31.5,,,,2,,,,,,,,1,2,,1752634992,1752634992
701,26,ES,30,3,LT_120,LT_60,LT_60,,,,,,,LT_297,GT_22@LT_31.5,,,,2,,,,,,,,1,1,,1752635261,1752635261
703,26,AT,30,3,LT_120,LT_60,,,,,,,,LTE_297,GT_13@LTE_31.5,,,,2,,,,,,,,1,1,,1752635469,1767059185
704,26,IT,30,3,LT_120,LT_60,,,,,,,,LT_297,GT_12@LT_31.5,,,,2,,,,,,,,1,1,,1752635574,1752635574
705,73,ES,30,3,LT_120,LT_60,,,,,,,,LT_297,GT_22@LT_31.5,,,,2,,,,,,,,1,1,,1752635672,1752635672
706,73,NL,30,3,LT_120,LT_60,,,,,,,,LT_297,GT_16@LT_31.5,,,,2,,,,,,,,1,1,,1752635742,1752635749
707,73,IT,30,3,LT_120,LT_60,,,,,,,,LT_297,GT_12@LT_31.5,,,,2,,,,,,,,1,1,,1752635819,1752635819
708,73,AT,30,3,LT_120,LT_60,,,,,,,,LT_297,GT_13@LT_31.5,,,,2,,,,,,,,1,1,,1752635874,1752635874
709,109,LU,20,1,LT_175,,,,,,,,,LT_297,LT_31,,,,2,,,,,,,,1,1,,1753063786,1762254130
710,109,IE,20,1,LT_175,,,,,,,,,LT_297,LT_31,,,,2,,,,,,,,1,1,,1753069022,1762254102
714,109,PT,20,1,LT_175,,,,,,,,,LT_297,LT_31,,,,2,,,,,,,,1,1,,1755225899,1762254099
715,80,GB,95,3,LT_146,,,LTE_14,,,,,,,LTE_14,,,,2,,,,,,,,2,1,,1755669685,1765175983
716,80,GB,95,4,LT_146,,,LTE_24@GT_15,,,,,,,GT_15@LTE_24,,,,2,,,,,,,,2,1,,1755669942,1765175989
724,152,DE,43,1,LT_120,LT_60,LT_60,,,LT_148,,,,LT_297,LT_31,,LT_0.14,,2,,,,,,,,1,1,,1758003748,1766480436
725,152,DE,43,3,LT_175,,,,,,,,,LT_297,LT_31,,,,2,,,,,,,,1,1,,1758003931,1762253982
726,152,DE,41,2,LT_120,LT_60,LT_60,,,,,,,LT_297,LT_31.5,,,,2,,,,,,,,1,1,,1758005781,1766480406
727,152,FR,43,1,LT_120,LT_60,LT_60,,,LT_148,,,,LT_297,LT_31.5,,,,2,,,,,,,,1,1,,1758005937,1758005937
730,152,ES,43,2,LT_120,LT_60,LT_60,,,LT_148,,,,LT_297,LT_31.5,,,,2,,,,,,,,1,1,,1758006541,1758078106
731,152,FR,43,2,LT_175,,,,,,,,,LT_297,LT_31.5,,,,2,,,,,,,,1,1,,1758009397,1758009397
732,152,ES,41,1,GTE_16@LT_120,GTE_11@LT_60,GTE_1@LT_60,,,,,,,LT_297,LT_12,,,,2,,,,,,,,1,1,,1758078069,1758078069
733,152,ES,43,3,LT_175,,,,,,,,,LT_297,LT_31.5,,,,2,,,,,,,,1,1,,1758078308,1758078308
734,152,IT,43,1,LT_120,LT_60,LT_60,,,LT_148,,,,LT_297,LT_31.5,,,,2,,,,,,,,1,1,,1758078736,1758078736
735,152,IT,41,2,GTE_16@LT_120,GTE_11@LT_60,GTE_1@LT_60,,,,,,,LT_297,LT_17,,,,2,,,,,,,,1,1,,1758079323,1758080396
736,152,IT,43,3,LT_175,,,,,,,,,LT_297,LT_31.5,,,,2,,,,,,,,1,1,,1758079605,1758080432
737,152,AT,43,1,LT_120,LT_60,LT_60,,,LT_148,,,,LT_297,LT_31.5,,,,2,,,,,,,,1,1,,1758087632,1758087632
738,152,AT,41,2,GTE_16@LT_120,GTE_11@LT_60,GT_1@LT_60,,,,,,,LT_297,LT_13,,,,2,,,,,,,,1,1,,1758088915,1758088915
739,152,AT,43,3,LT_175,,,,,,,,,LT_297,LT_31.5,,,,2,,,,,,,,1,1,,1758088978,1758088978
740,152,NL,43,1,LT_120,LT_60,LT_60,,,LT_148,,,,LT_297,LT_31.5,,,,2,,,,,,,,1,1,,1758089544,1758089544
741,152,NL,41,2,GT_16@LTE_120,GT_11@LTE_60,GT_1@LTE_60,,,,,,,LT_297,LT_17,,,,2,,,,,,,,1,1,,1758089604,1758089604
742,152,NL,43,3,LT_175,,,,,,,,,LT_297,LT_31.5,,,,2,,,,,,,,1,1,,1758089641,1758089641
743,26,SE,25,1,LT_100,LT_76,,LT_25,,,,,,LT_297,LT_25,,,,2,,,,,,,,1,1,,1758539916,1758540716
744,26,SE,20,2,LT_120,LT_60,,,,,,,,LT_297,LT_31,,LT_0.15,,2,,,,,,,,1,1,,1758540311,1758540938
745,26,SE,25,3,LT_270,,,LT_40,,,,,,LT_297,LT_40,,,,2,,,,,,,,1,1,,1758540559,1758540584
746,73,SE,25,1,LT_100,LT_76,,LT_25,,,,,,LT_297,LT_25,,,,2,,,,,,,,1,1,,1758540681,1758540758
747,73,SE,20,2,LT_120,LT_60,,,,,,,,LT_297,LT_31,,LT_0.15,,2,,,,,,,,1,1,,1758540993,1758540993
748,73,SE,25,3,LT_270,,,LT_40,,,,,,LT_297,LT_40,,,,2,,,,,,,,1,1,,1758541038,1758541038
749,69,SE,43,1,LT_120,LT_60,LT_60,,,,,,,LT_297,LT_31.5,,LT_0.15,,2,,,,,,,,1,1,,1758541299,1758541459
750,152,SE,43,1,LT_120,LT_60,,,,,,,,LT_297,LT_31.5,,LT_0.15,,2,,,,,,,,1,1,,1758541437,1758541437
751,152,SE,41,2,GTE_16@LT_120,GTE_11@LT_60,,,,,,,,LT_297,LT_10,,,,2,,,,,,,,1,1,,1758541579,1758541587
752,152,SE,43,3,LT_175,,,,,,,,,LT_297,LT_31.5,,,,2,,,,,,,,1,1,,1758541644,1758541644
753,152,BE,43,1,LT_120,LT_60,,,,,,,,LT_297,LT_31.5,,LT_0.15,,2,,,,,,,,1,1,,1758541855,1764303023
754,152,BE,41,2,GTE_16@LT_120,GTE_11@LT_60,,,,,,,,LT_297,LT_12,,,,2,,,,,,,,1,1,,1758541945,1764303020
755,152,BE,43,3,LT_175,,,,,,,,,LT_297,LT_31.5,,,,2,,,,,,,,1,1,,1758542028,1758542028
756,152,PT,41,1,GTE_16@LT_120,GTE_11@LT_60,GTE_1@LT_60,,,,,,,LT_297,LT_9,,,,2,,,,,,,,1,1,,1758542241,1758542241
757,152,PT,43,2,LT_120,LT_60,,,,,,,,LT_297,LT_31.5,,LT_0.15,,2,,,,,,,,1,1,,1758542301,1758542301
758,152,PT,43,3,LT_175,,,,,,,,,LT_297,LT_31.5,,,,2,,,,,,,,1,1,,1758542342,1758542345
759,152,IE,43,1,LT_120,LT_60,,,,,,,,LT_297,LT_31.5,,LT_0.15,,2,,,,,,,,1,1,,1758543263,1758543269
760,152,IE,43,2,LT_175,,,,,,,,,LT_297,LT_31.5,,,,2,,,,,,,,1,1,,1758543357,1758543372
761,152,LU,43,1,LT_120,LT_60,,,,,,,,LT_297,LT_31.5,,LT_0.15,,2,,,,,,,,1,1,,1758543494,1758543494
762,152,LU,41,2,GTE_16@LT_120,GTE_11@LT_60,GTE_1@LT_60,,,,,,,LT_297,LT_9,,,,2,,,,,,,,1,1,,1758543553,1758543553
763,152,LU,43,3,LT_175,,,,,,,,,LT_297,LT_31.5,,,,2,,,,,,,,1,1,,1758543594,1758543594
764,152,DK,43,1,LT_175,,,,,,,,,LT_297,LT_31.5,,,,2,,,,,,,,1,1,,1758543677,1762254085
765,152,CZ,41,1,GTE_16@LT_120,GTE_11@LT_60,GTE_1@LT_60,,,,,,,LT_297,LT_5,,,,2,,,,,,,,1,1,,1758543797,1758543797
766,152,CZ,43,2,LT_120,LT_60,,,,,,,,LT_297,LT_31.5,,LT_0.15,,2,,,,,,,,1,1,,1758543836,1758543842
767,152,CZ,41,3,GTE_16@LT_120,GTE_11@LT_60,GTE_1@LT_60,,,,,,,LT_297,LT_11,,,,2,,,,,,,,1,1,,1758543971,1758543971
768,152,CZ,43,4,LT_175,,,,,,,,,LT_297,LT_31.5,,,,2,,,,,,,,1,1,,1758544049,1758544052
769,96,ES,102,1,LT_100,,,LT_30,,,,,,LT_297,LT_30,,,,2,,,,,,,,1,1,,1758681970,1758681970
770,152,DE,43,1,LT_120,LT_60,LT_60,,,,,,,LT_297,LT_31.5,,LT_0.14,,2,,,,,,,,1,2,,1758880799,1762254082
771,152,DE,41,2,LT_120,LT_60,LT_60,,,,,,,LT_297,LT_31.5,,,,2,,,,,,,,1,2,,1758880914,1758880941
772,152,DE,43,3,LT_175,,,,,,,,,LT_297,LT_31,,,,2,,,,,,,,1,2,,1758880973,1762253980
773,152,PL,41,1,GT_16@LT_120,GT_1@LT_60,,,,,,,,LT_297,LT_24,,,,2,,,,,,,,1,1,,1760421714,1760421714
774,152,PL,43,2,LT_120,LT_60,,,,,,,,LT_297,LT_31.5,,LT_0.15,,2,,,,,,,,1,1,,1760421853,1760421853
775,152,PL,43,3,LT_175,,,,,,,,,LT_297,LT_31,,,,2,,,,,,,,1,1,,1760421904,1760421904
776,152,DE,25,4,LT_270,,,LT_40,,,,,,LT_297,LT_40,,,,2,,,,,,,,1,1,,1760669862,1760943542
777,152,DE,25,5,LT_270,,,LT_44,,,,,,LT_397,LT_44,,,,2,,,,,,,,1,1,,1760671723,1760943553
778,152,DE,25,4,LT_270,,,LT_40,,,,,,LT_297,LT_40,,,,2,,,,,,,,1,2,,1760671773,1760943536
779,152,DE,25,5,LT_270,,,LT_44,,,,,,LT_397,LT_44,,,,2,,,,,,,,1,2,,1760671810,1760943548
780,152,FR,25,3,LT_270,,,LT_43,,,,,,LT_397,LT_43,,,,2,,,,,,,,1,1,,1760673122,1760943510
781,152,BE,25,4,LT_270,,,LT_43,,,,,,LT_397,LT_43,,,,2,,,,,,,,1,1,,1760673672,1760943532
782,152,AT,25,4,LT_270,,,LT_43,,,,,,LT_397,LT_43,,,,2,,,,,,,,1,1,,1760703063,1760943527
783,152,NL,25,4,LT_270,,,LT_43,,,,,,LT_397,LT_43,,,,2,,,,,,,,1,1,,1760703675,1760943520
784,80,GB,103,6,LT_150,LT_70,LT_60,,,,,,,LT_297,LT_30,,LT_0.18,,2,,,,,,,,1,1,,1760705776,1768190655
785,69,DE,41,4,LT_120,LT_60,,,,,,,,LT_297,LT_31.5,,,,2,,,,,,,,1,1,,1761115831,1766133421
786,69,DE,41,4,LT_120,LT_60,,,,,,,,LT_297,LT_31.5,,,,2,,,,,,,,2,2,,1761116616,1765502734
787,69,DE,68,8,LT_200,,,,,,,,,LT_297,LT_31.5,,,,2,,,,,,,,1,1,,1761116778,1765502639
789,105,FR,69,2,LT_150,,,LT_30,,,,,,LT_297,LT_30,,,,2,,,,,,,,1,2,,1762306791,1762306882
790,105,FR,69,2,LT_150,,,LT_30,,,,,,LT_297,LT_30,,,,2,,,,,,,,1,1,,1762306865,1762306865
829,55,GB,41,4,LT_120,LT_80,,LT_30,,,,,,LT_297,LT_30,,,,2,,,,,,,,1,1,,1762480574,1768806277
832,152,IT,25,4,LT_270,,,LT_43,,,,,,LT_397,LT_43,,,,2,,,,,,,,1,1,,1763361384,1763361384
833,179,DE,43,2,LT_120,LT_60,LT_60,,,,,,,LT_297,LT_31.5,,LT_0.145,,2,,,,,,,,1,1,,1763520842,1763521293
834,179,DE,41,1,LT_120,LT_60,LT_60,,,,,,,LT_297,LT_3,,,,2,,,,,,,,1,1,,1763521137,1764839756
835,179,DE,41,3,LT_120,LT_60,LT_60,,,,,,,LT_297,LT_31.5,,LT_0.145,,2,,,,,,,,1,1,,1763521258,1763521288
836,179,DE,68,4,LT_150,LT_80,LT_60,,,,,,,LT_297,LT_20,,,,2,,,,,,,,1,1,,1763521671,1763521684
837,179,DE,43,5,LT_175,,,,,,,,,LT_297,LT_31.5,,,,2,,,,,,,,1,1,,1763521735,1763521740
838,179,DE,68,6,LT_200,LT_80,LT_60,,,,,,,LT_297,LT_40,,,,2,,,,,,,,1,1,,1763521822,1763521837
839,179,DE,41,7,LT_200,,,,,,,,,LT_357,LT_31.5,,,,2,,,,,,,,1,1,,1763521899,1763521899
844,69,DE,43,7,GTE_120@LT_175,,,,,,,,,LT_297,LT_31.5,,,,2,,,,,,,,1,1,,1763639795,1763640108
845,69,DE,43,7,GTE_120@LT_175,,,,,,,,,LT_297,LT_31.5,,,,2,,,,,,,,1,2,,1763640349,1763640380
848,80,GB,103,8,LT_170,LT_70,LT_60,,,,,,,LT_297,LT_30,,LT_0.18,,2,,,,,,,,1,1,,1763710835,1763710876
851,113,ES,68,3,,,,,,,,,,LT_297,LT_18,,,,2,,,,,,,,1,1,,1766130309,1766130309
852,113,ES,68,6,,,,,,,,,,LT_297,LT_39,,,,2,,,,,,,,1,1,,1766130603,1766130603
873,152,HU,41,1,GTE_16@LT_120,GTE_11@LT_60,GTE_1@LT_60,,,,,,,LT_297,LT_14,,,,2,,,,,,,,1,1,,1767681793,1767681793
874,152,HU,43,2,LT_120,LT_60,,,,,,,,LT_297,LT_31.5,,LT_0.15,,2,,,,,,,,1,1,,1767681950,1767681950
875,152,HU,43,3,LT_175,,,,,,,,,LT_297,LT_31.5,,,,2,,,,,,,,1,1,,1767682094,1767682094
876,80,GB,35,4,GT_90@LT_120,,,,,,,,,,LT_17,,,,2,,,,,,,,1,1,,1768190643,1768806187
877,80,GB,35,9,LT_170,,,,,,,,,,LT_29,,LT_0.28,,2,,,,,,,,1,1,,1768190726,1768806193
892,189,FR,68,1,LT_200,LT_80,LT_60,,,,,,,LT_310,LT_31.5,,,,2,,,,,,,,1,1,,1768400174,1768806161
896,113,PT,83,1,LT_150,,,LT_39.5,,,,LTE_297,,,LT_39.5,,,,2,,,,,,,,1,1,,1769129765,1769129765
