sale_express_rules_id,bs_warehouse_id,bs_express_service_id,hangzhou_carrierservice_id,sort_order,max_length,second_length,third_length,volume_weight,volume_weight_v3,any_length_sum,perimeter,girth,gross_weight,two_width_height,volume,remark,auto_refresh_count,erp_sku,enable_flag,sfp_to_general,ctime,mtime
35,MY-DE,DeUPS>11>公司账号自买面单,2,5,LT_274,,,LT_43,,,,LT_400,LT_43,,,,,,1,1,1702430947,1740134809
94,MY-SH,DeUPS>11>公司账号自买面单,2,4,GT_175@LT_270,,,,,,,LT_297,LT_31.5,,,,,,1,2,0,1758512904
108,MY-DE,DeUPS>11>公司账号自买面单,2,4,LT_175,,,LT_28,,,,LT_297,LT_28,,,,,,1,1,0,1746526038
120,MY-DE,DeUPS>11>公司账号自买面单,2,3,LT_175,,,LT_24,,,,LT_297,LT_24,,,,,,1,1,0,0
141,MY-DE,DeUPS>11>公司账号自买面单,2,8,LT_270,,,LT_44,,,,LT_400,LT_44,,,,,,1,1,0,1758512806
145,MY-DE,DeUPS>11>公司账号自买面单,2,5,LT_274,,,LT_43,,,,LT_400,LT_43,,,,,,1,1,0,1740134271
146,MY-DE,DeUPS>11>公司账号自买面单,2,5,LT_274,,,LT_43,,,,LT_400,LT_43,,,,,,1,1,0,1740209973
149,MY-DE,DeUPS>11>公司账号自买面单,2,6,LT_274,,,LT_43,,,,LT_400,LT_43,,,,,,1,1,0,1740210455
151,MY-DE,DeUPS>11>公司账号自买面单,2,5,LT_274,,,LT_43,,,,LT_400,LT_43,,,,,,1,1,0,1740210747
182,MY-DE,DeUPS>11>公司账号自买面单,2,5,LT_270,,,LT_43,,,,LT_400,LT_43,,,,,,1,1,1702430947,1760703088
293,MY-DE,DeUPS>11>公司账号自买面单,2,6,LT_274,,,LT_43,,,,LT_400,LT_43,,,,,,1,1,1721117252,1740213214
298,MY-DE,DeUPS>11>公司账号自买面单,2,5,LT_274,,,LT_43,,,,LT_400,LT_43,,,,,,1,1,1721117309,1740213517
299,MY-DE,DeUPS>11>公司账号自买面单,2,1,LT_100,LT_75,LT_75,LT_14,,,,LT_297,LT_14,,,,,,1,1,1721117609,1721117609
303,MY-DE,DeUPS>11>公司账号自买面单,2,5,LT_270,,,LT_43,,,,LT_400,LT_43,,,,,,1,1,1721117610,1758098462
304,MY-DE,DeUPS>11>公司账号自买面单,2,1,LT_100,LT_75,LT_75,LT_22,,,,LT_297,LT_22,,,,,,1,1,1721118127,1746526424
312,MY-DE,DeUPS>11>公司账号自买面单,2,4,LT_270,,,LT_43,,,,LT_400,LT_43,,,,,,1,1,1721118237,1758098431
317,MY-DE,DeUPS>11>公司账号自买面单,2,5,LT_270,,,LT_43,,,,LT_400,LT_43,,,,,,1,1,1721118447,1758098458
381,MY-DE,DeUPS>11>公司账号自买面单,2,4,LT_175,,,LT_20,,,,LT_297,LT_20,,,,,,1,1,0,1746525540
382,MY-DE,DeUPS>11>公司账号自买面单,2,6,LT_270,,,LT_40,,,,LT_297,LT_40,,,,,,1,1,0,1758512802
383,MY-DE,DeUPS>11>公司账号自买面单,2,3,LT_175,,,LT_14,,,,LT_297,LT_14,,,,,,1,1,0,1746525815
384,MY-DE,DeUPS>11>公司账号自买面单,2,3,LT_175,,,LT_14,,,,LT_297,LT_14,,,,,,1,1,0,0
386,MY-DE,DeUPS>11>公司账号自买面单,2,3,LT_175,,,LT_22,,,,LT_297,LT_22,,,,,,1,1,0,0
387,MY-DE,DeUPS>11>公司账号自买面单,2,3,LT_175,,,LT_28,,,,LT_297,LT_28,,,,,,1,1,0,1746526128
389,MY-DE,DeUPS>11>公司账号自买面单,2,5,LT_274,,,LT_43,,,,LT_400,LT_43,,,,,,1,1,0,1740212700
390,MY-DE,DeUPS>11>公司账号自买面单,2,2,LT_100,LT_75,LT_75,LT_14,,,,LT_297,LT_14,,,,,,1,1,0,0
391,MY-DE,DeUPS>11>公司账号自买面单,2,4,LT_175,,,LT_22,,,,LT_297,LT_22,,,,,,1,1,0,0
393,MY-DE,DeUPS>11>公司账号自买面单,2,3,LT_175,,,LT_28,,,,LT_297,LT_28,,,,,,1,1,0,1746526375
394,MY-DE,DeUPS>11>公司账号自买面单,2,5,LT_274,,,LT_43,,,,LT_400,LT_43,,,,,,1,1,0,1740214144
395,MY-DE,DeUPS>11>公司账号自买面单,2,1,LT_100,LT_75,LT_75,LT_25,,,,LT_297,LT_25,,,,,,1,1,0,0
397,MY-DE,DeUPS>11>公司账号自买面单,2,3,LT_270,,,LT_14,,,,LT_297,LT_14,,,,,,1,1,0,1758098427
425,MY-DE,DeUPS>11>公司账号自买面单,2,1,LT_100,LT_75,LT_75,LT_14,,,,LT_297,LT_14,,,,,,1,1,0,0
445,MY-KE,DeUPS>11>公司账号自买面单,2,3,LT_100,LT_76,,LT_24,,,,LT_297,LT_24,,,,2,,1,1,1740129866,1764727801
447,MY-KE,DeUPS>11>公司账号自买面单,2,5,LT_270,,,LT_40,,,,LT_297,LT_40,,,,2,,1,1,1740130069,1758512977
449,MY-KE,DeUPS>11>公司账号自买面单,2,7,LT_270,,,LT_44,,,,LT_400,LT_44,,,,2,,1,1,1740130251,1758512981
450,MY-KE,DeUPS>11>公司账号自买面单,2,3,LT_175,,,LT_14,,,,LT_297,LT_14,,,,2,,1,1,1740133337,1746525812
452,MY-KE,DeUPS>11>公司账号自买面单,2,5,LT_274,,,LT_43,,,,LT_400,LT_43,,,,2,,1,1,1740133574,1740133574
453,MY-KE,DeUPS>11>公司账号自买面单,2,3,LT_175,,,LT_14,,,,LT_297,LT_14,,,,2,,1,1,1740134144,1740134144
456,MY-KE,DeUPS>11>公司账号自买面单,2,5,LT_274,,,LT_43,,,,LT_400,LT_43,,,,2,,1,1,1740134315,1740134315
457,MY-KE,DeUPS>11>公司账号自买面单,2,3,LT_175,,,LT_14,,,,LT_297,LT_14,,,,2,,1,1,1740134709,1740134709
459,MY-KE,DeUPS>11>公司账号自买面单,2,5,LT_274,,,LT_43,,,,LT_400,LT_43,,,,2,,1,1,1740134854,1740134854
460,MY-KE,DeUPS>11>公司账号自买面单,2,3,LT_175,,,LT_22,,,,LT_297,LT_22,,,,2,,1,1,1740209883,1740209883
462,MY-KE,DeUPS>11>公司账号自买面单,2,5,LT_274,,,LT_43,,,,LT_400,LT_43,,,,2,,1,1,1740210032,1740210032
463,MY-KE,DeUPS>11>公司账号自买面单,2,1,LT_100,LT_75,LT_75,LT_14,,,,LT_297,LT_14,,,,2,,1,1,1740210226,1740210226
464,MY-KE,DeUPS>11>公司账号自买面单,2,4,LT_175,,,LT_28,,,,LT_297,LT_28,,,,2,,1,1,1740210397,1746526033
466,MY-KE,DeUPS>11>公司账号自买面单,2,6,LT_274,,,LT_43,,,,LT_400,LT_43,,,,2,,1,1,1740210508,1740210508
467,MY-KE,DeUPS>11>公司账号自买面单,2,3,LT_175,,,LT_28,,,,LT_297,LT_28,,,,2,,1,1,1740210652,1746526123
469,MY-KE,DeUPS>11>公司账号自买面单,2,5,LT_274,,,LT_43,,,,LT_400,LT_43,,,,2,,1,1,1740210788,1740210788
470,MY-KE,DeUPS>11>公司账号自买面单,2,3,LT_175,,,LT_24,,,,LT_297,LT_24,,,,2,,1,1,1740212576,1740212576
472,MY-KE,DeUPS>11>公司账号自买面单,2,5,LT_274,,,LT_43,,,,LT_400,LT_43,,,,2,,1,1,1740212691,1740212691
473,MY-KE,DeUPS>11>公司账号自买面单,2,2,LT_100,LT_75,LT_75,LT_14,,,,LT_297,LT_14,,,,2,,1,1,1740212894,1740212894
475,MY-KE,DeUPS>11>公司账号自买面单,2,4,LT_175,,,LT_22,,,,LT_297,LT_22,,,,2,,1,1,1740213078,1740213078
477,MY-KE,DeUPS>11>公司账号自买面单,2,6,LT_274,,,LT_43,,,,LT_400,LT_43,,,,2,,1,1,1740213204,1740213204
478,MY-KE,DeUPS>11>公司账号自买面单,2,3,LT_175,,,LT_14,,,,LT_297,LT_14,,,,2,,1,1,1740213405,1740213405
480,MY-KE,DeUPS>11>公司账号自买面单,2,5,LT_274,,,LT_43,,,,LT_400,LT_43,,,,2,,1,1,1740213511,1740213511
481,MY-KE,DeUPS>11>公司账号自买面单,2,1,LT_100,LT_75,LT_75,LT_14,,,,LT_297,LT_14,,,,2,,1,1,1740213645,1740213645
483,MY-KE,DeUPS>11>公司账号自买面单,2,3,LT_175,,,LT_28,,,,LT_297,LT_28,,,,2,,1,1,1740213743,1746526371
484,MY-KE,DeUPS>11>公司账号自买面单,2,5,LT_274,,,LT_43,,,,LT_400,LT_43,,,,2,,1,1,1740213782,1740213782
485,MY-KE,DeUPS>11>公司账号自买面单,2,1,LT_100,LT_75,LT_75,LT_22,,,,LT_297,LT_22,,,,2,,1,1,1740213922,1746526421
489,MY-KE,DeUPS>11>公司账号自买面单,2,5,LT_274,,,LT_43,,,,LT_400,LT_43,,,,2,,1,1,1740214173,1740214173
490,MY-KE,DeUPS>11>公司账号自买面单,2,1,LT_100,LT_75,LT_75,LT_25,,,,LT_297,LT_25,,,,2,,1,1,1740214336,1740214336
491,MY-KE,DeUPS>11>公司账号自买面单,2,4,LT_274,,,LT_43,,,,LT_400,LT_43,,,,2,,1,1,1740214442,1740214442
493,MY-KE,DeUPS>11>公司账号自买面单,2,3,LT_274,,,LT_14,,,,LT_297,LT_14,,,,2,,1,1,1740214670,1740214670
494,MY-KE,DeUPS>11>公司账号自买面单,2,5,LT_274,,,LT_43,,,,LT_400,LT_43,,,,2,,1,1,1740214712,1740214712
564,MY-KS,DeUPS>11>公司账号自买面单,2,2,GT_175@LT_270,,,,,,,LT_297,LT_31.5,,,,,,1,2,0,1758513038
566,MY-KS,DeUPS>11>公司账号自买面单,2,4,,,,,,,,LT_297,GT_32@LT_40,,,,,,1,2,0,1751339827
567,MY-KS,DeUPS>11>公司账号自买面单,2,5,,,,,,,,GT_330@LTE_400,GT_32@LT_44,,,,,,1,2,0,1751339829
652,MY-KE,DeUPS>11>公司账号自买面单,2,0,,,,,,,,,,,,,2,G-VN24-0558A-2-1,1,1,1750840015,1750840015
653,MY-KE,DeUPS>11>公司账号自买面单,2,0,,,,,,,,,,,,,2,G-VN24-0558A-2-2,1,1,1750840075,1750840075
654,MY-KE,DeUPS>11>公司账号自买面单,2,0,,,,,,,,,,,,,2,G-VN24-0558B-2-1,1,1,1750840103,1750840103
655,MY-KE,DeUPS>11>公司账号自买面单,2,0,,,,,,,,,,,,,2,G-VN24-0558B-2-2,1,1,1750840122,1750840122
661,MY-DE,DeUPS>11>公司账号自买面单,2,4,LT_175,,,LT_20,,,,LT_297,LT_20,,,,2,,1,2,1751336849,1751336849
663,MY-DE,DeUPS>11>公司账号自买面单,2,6,LT_270,,,LT_40,,,,LT_297,LT_40,,,,2,,1,2,1751336969,1758512824
665,MY-DE,DeUPS>11>公司账号自买面单,2,8,LT_270,,,LT_44,,,,LT_400,LT_44,,,,2,,1,2,1751337385,1758512828
666,MY-KE,DeUPS>11>公司账号自买面单,2,3,LT_175,,,LT_20,,,,LT_297,LT_20,,,,2,,1,2,1751337753,1755086867
668,MY-KE,DeUPS>11>公司账号自买面单,2,6,LT_274,,,LT_40,,,,LT_297,LT_40,,,,2,,1,1,1751338361,1751338361
669,MY-KE,DeUPS>11>公司账号自买面单,2,5,LT_270,,,LT_40,,,,LT_297,LT_40,,,,2,,1,2,1751339329,1758513012
671,MY-KE,DeUPS>11>公司账号自买面单,2,7,LT_270,,,LT_44,,,,LT_400,LT_44,,,,2,,1,2,1751339411,1758513016
672,MY-SH,DeUPS>11>公司账号自买面单,2,4,GT_175@LT_270,,,,,,,LT_297,LT_31.5,,,,2,,1,1,1751423048,1758512887
743,MY-DE,DeUPS>11>公司账号自买面单,2,1,LT_100,LT_76,,LT_25,,,,LT_297,LT_25,,,,2,,1,1,1758539916,1758540716
745,MY-DE,DeUPS>11>公司账号自买面单,2,3,LT_270,,,LT_40,,,,LT_297,LT_40,,,,2,,1,1,1758540559,1758540584
746,MY-KE,DeUPS>11>公司账号自买面单,2,1,LT_100,LT_76,,LT_25,,,,LT_297,LT_25,,,,2,,1,1,1758540681,1758540758
748,MY-KE,DeUPS>11>公司账号自买面单,2,3,LT_270,,,LT_40,,,,LT_297,LT_40,,,,2,,1,1,1758541038,1758541038
776,SHAOKE-DE,DeUPS>11>公司账号自买面单,2,4,LT_270,,,LT_40,,,,LT_297,LT_40,,,,2,,1,1,1760669862,1760943542
777,SHAOKE-DE,DeUPS>11>公司账号自买面单,2,5,LT_270,,,LT_44,,,,LT_397,LT_44,,,,2,,1,1,1760671723,1760943553
778,SHAOKE-DE,DeUPS>11>公司账号自买面单,2,4,LT_270,,,LT_40,,,,LT_297,LT_40,,,,2,,1,2,1760671773,1760943536
779,SHAOKE-DE,DeUPS>11>公司账号自买面单,2,5,LT_270,,,LT_44,,,,LT_397,LT_44,,,,2,,1,2,1760671810,1760943548
780,SHAOKE-DE,DeUPS>11>公司账号自买面单,2,3,LT_270,,,LT_43,,,,LT_397,LT_43,,,,2,,1,1,1760673122,1760943510
781,SHAOKE-DE,DeUPS>11>公司账号自买面单,2,4,LT_270,,,LT_43,,,,LT_397,LT_43,,,,2,,1,1,1760673672,1760943532
782,SHAOKE-DE,DeUPS>11>公司账号自买面单,2,4,LT_270,,,LT_43,,,,LT_397,LT_43,,,,2,,1,1,1760703063,1760943527
783,SHAOKE-DE,DeUPS>11>公司账号自买面单,2,4,LT_270,,,LT_43,,,,LT_397,LT_43,,,,2,,1,1,1760703675,1760943520
832,SHAOKE-DE,DeUPS>11>公司账号自买面单,2,4,LT_270,,,LT_43,,,,LT_397,LT_43,,,,2,,1,1,1763361384,1763361384
13,MY-DE,DeDHL>PAKET>德国发本土,3,2,LT_120,LT_60,LT_60,,,,,LT_297,LT_20,,,,,,1,1,1,1746525551
22,MY-DE,DeDHL>PAKET_INTERNATIONAL>德国发欧盟,3,1,LT_120,LT_60,LT_60,,,,,LT_297,LT_6,,,,,,1,1,0,1746525853
29,MY-DE,DeDHL>PAKET_INTERNATIONAL>德国发欧盟,3,1,LT_120,LT_60,LT_60,,,,,LT_297,LT_12,,,,,,1,1,1,1746525896
37,MY-DE,DeDHL>PAKET_INTERNATIONAL>德国发欧盟,3,1,LT_120,LT_60,LT_60,,,,,LT_297,LT_22,,,,,,1,1,1,1746525970
60,MY-SH,DeDHL>PAKET>德国发本土,3,2,LT_200,,,,,,,GT_297@LTE_360,LT_31.5,,,,,,1,1,1,1751521383
61,MY-SH,DeDHL>PAKET>德国发本土,3,3,LT_200,,,,,,,LTE_357,LT_31.5,,,,,,1,1,1,1745320348
95,MY-SH,DeDHL>PAKET>德国发本土,3,2,LT_200,,,,,,,GT_297@LTE_360,LT_31.5,,,,,,1,2,0,1751521389
105,MY-DE,DeDHL>PAKET_INTERNATIONAL>德国发欧盟,3,2,LT_120,LT_60,LT_60,,,,,LT_297,LT_12,,,,,,1,1,0,1746526014
110,MY-DE,DeDHL>PAKET_INTERNATIONAL>德国发欧盟,3,1,LT_120,LT_60,LT_60,,,,,LT_297,LT_16,,,,,,1,1,0,1746526105
115,MY-DE,DeDHL>PAKET_INTERNATIONAL>德国发欧盟,3,1,LT_120,LT_60,LT_60,,,,,LT_297,LT_30,,,,,,1,1,0,0
140,MY-DE,DeDHL>PAKET>德国发本土,3,7,LT_200,,,,,,,LT_357,LT_31.5,,,,,,1,1,0,1746525516
176,MY-DE,DeDHL>PAKET_INTERNATIONAL>德国发欧盟,3,1,LT_120,LT_60,LT_60,,,,,LT_297,LT_13,,,,,,1,1,1,1746525781
288,MY-DE,DeDHL>PAKET_INTERNATIONAL>德国发欧盟,3,1,LT_120,LT_60,LT_60,,,,,LT_297,LT_2,,,,,,1,1,1721117252,1721117252
294,MY-DE,DeDHL>PAKET_INTERNATIONAL>德国发欧盟,3,1,LT_120,LT_60,LT_60,,,,,LT_297,LT_3,,,,,,1,1,1721117309,1746526314
313,MY-DE,DeDHL>PAKET_INTERNATIONAL>德国发欧盟,3,1,LT_120,LT_60,LT_60,,,,,LT_297,LT_20,,,,,,1,1,1721118447,1746526628
321,MY-KE,DeDHL>PAKET_INTERNATIONAL>德国发欧盟,3,1,LT_120,LT_60,LT_60,,,,,LT_297,LT_13,,,,,,1,1,1721119469,1746525776
323,MY-KE,DeDHL>PAKET_INTERNATIONAL>德国发欧盟,3,1,LT_120,LT_60,LT_60,,,,,LT_297,LT_6,,,,,,1,1,1721119569,1746525850
325,MY-KE,DeDHL>PAKET_INTERNATIONAL>德国发欧盟,3,1,LT_120,LT_60,LT_60,,,,,LT_297,LT_12,,,,,,1,1,1721119649,1746525892
327,MY-KE,DeDHL>PAKET_INTERNATIONAL>德国发欧盟,3,1,LT_120,LT_60,LT_60,,,,,LT_297,LT_22,,,,,,1,1,1721119740,1746525965
329,MY-KE,DeDHL>PAKET_INTERNATIONAL>德国发欧盟,3,2,LT_120,LT_60,LT_60,,,,,LT_297,LT_12,,,,,,1,1,1721119950,1746526010
331,MY-KE,DeDHL>PAKET_INTERNATIONAL>德国发欧盟,3,1,LT_120,LT_60,LT_60,,,,,LT_297,LT_16,,,,,,1,1,1721120168,1746526101
333,MY-KE,DeDHL>PAKET_INTERNATIONAL>德国发欧盟,3,1,LT_120,LT_60,LT_60,,,,,LT_297,LT_30,,,,,,1,1,1721120404,1721120404
335,MY-KE,DeDHL>PAKET_INTERNATIONAL>德国发欧盟,3,1,LT_120,LT_60,LT_60,,,,,LT_297,LT_2,,,,,,1,1,1721120510,1740212798
337,MY-KE,DeDHL>PAKET_INTERNATIONAL>德国发欧盟,3,1,LT_120,LT_60,LT_60,,,,,LT_297,LT_3,,,,,,1,1,1721120595,1746526311
341,MY-KE,DeDHL>PAKET_INTERNATIONAL>德国发欧盟,3,2,LT_120,LT_60,LT_60,,,,,LT_297,LT_20,,,,,,1,1,1721120850,1746526571
343,MY-KE,DeDHL>PAKET_INTERNATIONAL>德国发欧盟,3,1,LT_120,LT_60,LT_60,,,,,LT_297,LT_20,,,,,,1,1,1721120925,1746526624
396,MY-DE,DeDHL>PAKET_INTERNATIONAL>德国发欧盟,3,2,LT_120,LT_60,LT_60,,,,,LT_297,LT_20,,,,,,1,1,0,1746526576
419,MY-DE,DeDHL>PAKET>德国发本土,3,0,,,,,,,,,,,,,,G-VN24-0513-WT-1,1,1,1733361330,1737599585
420,MY-DE,DeDHL>PAKET>德国发本土,3,0,,,,,,,,,,,,,,G-VN24-0513-WT-2,1,1,1733361330,1733361330
448,MY-KE,DeDHL>PAKET>德国发本土,3,6,LT_200,,,,,,,LT_357,LT_31.5,,,,2,,1,1,1740130203,1765243060
554,MY-DE,DeDHL>PAKET>德国发本土,3,2,LT_120,LT_60,LT_60,,,,,LT_297,LT_20,,,,2,,1,2,1744698213,1751284476
565,MY-KS,DeDHL>PAKET>德国发本土,3,3,LT_200,,,,,,,GT_297@LTE_360,LT_31.5,,,,,,1,2,0,1751339824
584,MY-KS,DeDHL>PAKET>德国发本土,3,3,LT_200,,,,,,,LT_357,LT_31.5,,,,2,,1,1,1746589021,1746589021
664,MY-DE,DeDHL>PAKET>德国发本土,3,7,LT_200,,,,,,,LT_357,LT_31.5,,,,2,,1,2,1751337330,1751337330
670,MY-KE,DeDHL>PAKET>德国发本土,3,6,LT_200,,,,,,,LT_357,LT_31.5,,,,2,,1,2,1751339369,1755086874
697,MY-DE,DeDHL>PAKET>德国发本土,3,4,LT_120,LT_60,,,,,,LT_297,GT_20@LT_31.5,,,,2,,1,1,1752634415,1752634465
698,MY-KE,DeDHL>PAKET>德国发本土,3,2,LT_120,LT_60,LT_60,,,,,LT_297,LT_31.5,,,,2,,1,1,1752634728,1765242777
699,MY-KE,DeDHL>PAKET>德国发本土,3,2,LT_120,LT_60,LT_60,,,,,LT_297,LT_31.5,,,,2,,1,2,1752634829,1755086865
700,MY-DE,DeDHL>PAKET>德国发本土,3,4,LT_120,LT_60,,,,,,LT_297,GT_20@LT_31.5,,,,2,,1,2,1752634992,1752634992
701,MY-DE,DeDHL>PAKET_INTERNATIONAL>德国发欧盟,3,3,LT_120,LT_60,LT_60,,,,,LT_297,GT_22@LT_31.5,,,,2,,1,1,1752635261,1752635261
703,MY-DE,DeDHL>PAKET_INTERNATIONAL>德国发欧盟,3,3,LT_120,LT_60,,,,,,LTE_297,GT_13@LTE_31.5,,,,2,,1,1,1752635469,1767059185
704,MY-DE,DeDHL>PAKET_INTERNATIONAL>德国发欧盟,3,3,LT_120,LT_60,,,,,,LT_297,GT_12@LT_31.5,,,,2,,1,1,1752635574,1752635574
705,MY-KE,DeDHL>PAKET_INTERNATIONAL>德国发欧盟,3,3,LT_120,LT_60,,,,,,LT_297,GT_22@LT_31.5,,,,2,,1,1,1752635672,1752635672
706,MY-KE,DeDHL>PAKET_INTERNATIONAL>德国发欧盟,3,3,LT_120,LT_60,,,,,,LT_297,GT_16@LT_31.5,,,,2,,1,1,1752635742,1752635749
707,MY-KE,DeDHL>PAKET_INTERNATIONAL>德国发欧盟,3,3,LT_120,LT_60,,,,,,LT_297,GT_12@LT_31.5,,,,2,,1,1,1752635819,1752635819
708,MY-KE,DeDHL>PAKET_INTERNATIONAL>德国发欧盟,3,3,LT_120,LT_60,,,,,,LT_297,GT_13@LT_31.5,,,,2,,1,1,1752635874,1752635874
8,MY-DE,DPD>Classic>公司账号自买面单,5,3,LT_120,LT_60,LT_60,,LT_148,,,LT_297,LT_31,,,,,,1,1,1702430947,1762253990
10,MY-DE,DPD>Classic>公司账号自买面单,5,5,LT_175,,,,,,,LT_297,LT_31,,,,,,1,1,1702430947,1762254016
23,MY-DE,DPD>Classic>公司账号自买面单,5,2,LT_120,LT_60,LT_60,,LT_148,,,LT_297,LT_31,,,,,,1,1,1702430947,1762254225
30,MY-DE,DPD>Classic>公司账号自买面单,5,2,LT_120,LT_60,LT_60,,LT_148,,,LT_297,LT_31,,,,,,1,1,1702430947,1762254222
32,MY-DE,DPD>Classic>公司账号自买面单,5,4,LT_175,,,,,,,LT_297,LT_31,,,,,,1,1,0,1762254170
38,MY-DE,DPD>Classic>公司账号自买面单,5,2,LT_120,LT_60,LT_60,,LT_148,,,LT_297,LT_31,,,,,,1,1,1702430947,1762254219
40,MY-DE,DPD>Classic>公司账号自买面单,5,4,LT_175,,,,,,,LT_297,LT_31,,,,,,1,1,1702430947,1762254165
90,MY-SH,DPD>Classic>公司账号自买面单,5,1,LT_175,,,,,,,LT_297,LT_31,,,,,,1,2,0,1762253965
107,MY-DE,DPD>Classic>公司账号自买面单,5,3,LT_120,LT_60,LT_60,,LT_148,,,LT_297,LT_31,,,,,,1,1,0,1762254193
109,MY-DE,DPD>Classic>公司账号自买面单,5,5,LT_175,,,,,,,LT_297,LT_31,,,,,,1,1,0,1762254108
111,MY-DE,DPD>Classic>公司账号自买面单,5,2,LT_120,LT_60,LT_60,,LT_148,,,LT_297,LT_31,,,,,,1,1,0,1762254215
113,MY-DE,DPD>Classic>公司账号自买面单,5,4,LT_175,,,,,,,LT_297,LT_31,,,,,,1,1,0,1762254125
117,MY-DE,DPD>Classic>公司账号自买面单,5,2,LT_120,LT_60,LT_60,,LT_148,,,LT_297,LT_31,,,,,,1,1,0,1762254211
142,MY-DE,DPD>Classic>公司账号自买面单,5,4,LT_175,,,,,,,LT_297,LT_31,,,,,,1,1,0,1762254120
177,MY-DE,DPD>Classic>公司账号自买面单,5,2,LT_120,LT_60,LT_60,,LT_148,,,LT_297,LT_31,,,,,,1,1,1702430947,1762254217
179,MY-DE,DPD>Classic>公司账号自买面单,5,4,LT_175,,,,,,,LT_297,LT_31,,,,,,1,1,0,1762254118
290,MY-DE,DPD>Classic>公司账号自买面单,5,3,LT_120,LT_60,LT_60,,LT_148,,,LT_297,LT_31,,,,,,1,1,1721117252,1762254195
292,MY-DE,DPD>Classic>公司账号自买面单,5,5,LT_175,,,,,,,LT_297,LT_31,,,,,,1,1,1721117252,1762254110
295,MY-DE,DPD>Classic>公司账号自买面单,5,2,LT_120,LT_60,LT_60,,LT_148,,,LT_297,LT_31,,,,,,1,1,1721117309,1762254227
297,MY-DE,DPD>Classic>公司账号自买面单,5,4,LT_175,,,,,,,LT_297,LT_31,,,,,,1,1,1721117309,1762254167
300,MY-DE,DPD>Classic>公司账号自买面单,5,2,LT_120,LT_60,LT_60,,LT_148,,,LT_297,LT_31,,,,,,1,1,1721117609,1762254229
302,MY-DE,DPD>Classic>公司账号自买面单,5,4,LT_175,,,,,,,LT_297,LT_31,,,,,,1,1,1721117609,1762254269
311,MY-DE,DPD>Classic>公司账号自买面单,5,3,LT_120,LT_60,LT_60,,LT_148,,,LT_297,LT_31,,,,,,1,1,1721118237,1762254204
314,MY-DE,DPD>Classic>公司账号自买面单,5,2,LT_120,LT_60,LT_60,,LT_148,,,LT_297,LT_31,,,,,,1,1,1721118447,1762254231
316,MY-DE,DPD>Classic>公司账号自买面单,5,4,LT_175,,,,,,,LT_297,LT_31,,,,,,1,1,1721118447,1762254266
322,MY-KE,DPD>Classic>公司账号自买面单,5,2,LT_120,LT_60,LT_60,,LT_148,,,LT_297,LT_31,,,,,,1,1,1721119469,1762254233
324,MY-KE,DPD>Classic>公司账号自买面单,5,2,LT_120,LT_60,LT_60,,LT_148,,,LT_297,LT_31,,,,,,1,1,1721119569,1762254254
326,MY-KE,DPD>Classic>公司账号自买面单,5,2,LT_120,LT_60,LT_60,,LT_148,,,LT_297,LT_31,,,,,,1,1,1721119650,1762254252
328,MY-KE,DPD>Classic>公司账号自买面单,5,2,LT_120,LT_60,LT_60,,LT_148,,,LT_297,LT_31,,,,,,1,1,1721119740,1762254249
330,MY-KE,DPD>Classic>公司账号自买面单,5,3,LT_120,LT_60,LT_60,,LT_148,,,LT_297,LT_31,,,,,,1,1,1721119950,1762254198
332,MY-KE,DPD>Classic>公司账号自买面单,5,2,LT_120,LT_60,LT_60,,LT_148,,,LT_297,LT_31,,,,,,1,1,1721120168,1762254244
334,MY-KE,DPD>Classic>公司账号自买面单,5,2,LT_120,LT_60,LT_60,,LT_148,,,LT_297,LT_31,,,,,,1,1,1721120404,1762254247
336,MY-KE,DPD>Classic>公司账号自买面单,5,3,LT_120,LT_60,LT_60,,LT_148,,,LT_297,LT_31,,,,,,1,1,1721120510,1762254206
338,MY-KE,DPD>Classic>公司账号自买面单,5,2,LT_120,LT_60,LT_60,,LT_148,,,LT_297,LT_31,,,,,,1,1,1721120596,1762254242
339,MY-KE,DPD>Classic>公司账号自买面单,5,4,LT_175,,,,,,,LT_297,LT_31,,,,,,1,1,1721120684,1762254264
342,MY-KE,DPD>Classic>公司账号自买面单,5,3,LT_120,LT_60,LT_60,,LT_148,,,LT_297,LT_31,,,,,,1,1,1721120850,1762254208
344,MY-KE,DPD>Classic>公司账号自买面单,5,4,LT_175,,,,,,,LT_297,LT_31,,,,,,1,1,1721120925,1762254261
388,MY-DE,DPD>Classic>公司账号自买面单,5,4,LT_175,,,,,,,LT_297,LT_31,,,,,,1,1,0,1762254122
399,MY-KE,DPD>Classic>公司账号自买面单,5,1,LT_120,LT_60,LT_60,,LT_148,,,LT_297,LT_31,,,,,,1,1,1721119569,1764839789
446,MY-KE,DPD>Classic>公司账号自买面单,5,4,LT_175,,,,,,,LT_297,LT_31,,,,2,,1,1,1740130009,1764839807
451,MY-KE,DPD>Classic>公司账号自买面单,5,4,LT_175,,,,,,,LT_297,LT_31,,,,2,,1,1,1740133400,1762254180
455,MY-KE,DPD>Classic>公司账号自买面单,5,4,LT_175,,,,,,,LT_297,LT_31,,,,2,,1,1,1740134240,1762254174
458,MY-KE,DPD>Classic>公司账号自买面单,5,4,LT_175,,,,,,,LT_297,LT_31,,,,2,,1,1,1740134798,1762254177
461,MY-KE,DPD>Classic>公司账号自买面单,5,4,LT_175,,,,,,,LT_297,LT_31,,,,2,,1,1,1740209958,1762254182
465,MY-KE,DPD>Classic>公司账号自买面单,5,5,LT_175,,,,,,,LT_297,LT_31,,,,2,,1,1,1740210445,1762254112
468,MY-KE,DPD>Classic>公司账号自买面单,5,4,LT_175,,,,,,,LT_297,LT_31,,,,2,,1,1,1740210737,1762254184
471,MY-KE,DPD>Classic>公司账号自买面单,5,4,LT_175,,,,,,,LT_297,LT_31,,,,2,,1,1,1740212643,1762254187
476,MY-KE,DPD>Classic>公司账号自买面单,5,5,LT_175,,,,,,,LT_297,LT_31,,,,2,,1,1,1740213152,1762254114
479,MY-KE,DPD>Classic>公司账号自买面单,5,4,LT_175,,,,,,,LT_297,LT_31,,,,2,,1,1,1740213465,1762254190
482,MY-KE,DPD>Classic>公司账号自买面单,5,2,LT_120,LT_60,LT_60,,LT_148,,,LT_297,LT_31,,,,2,,1,1,1740213704,1762254159
486,MY-KE,DPD>Classic>公司账号自买面单,5,2,LT_120,LT_60,LT_60,,LT_148,,,LT_297,LT_31,,,,2,,1,1,1740214006,1762254156
487,MY-DE,DPD>Classic>公司账号自买面单,5,2,LT_120,LT_60,LT_60,,LT_148,,,LT_297,LT_31,,,,2,,1,1,1740214088,1762254154
492,MY-KE,DPD>Classic>公司账号自买面单,5,2,LT_120,LT_60,LT_60,,LT_148,,,LT_297,LT_31,,,,2,,1,1,1740214619,1762254151
545,MY-KE,DPD>Classic>公司账号自买面单,5,1,LT_120,LT_60,LT_60,,LT_148,,,LT_297,LT_31,,,,2,,1,2,1744354251,1762253953
553,MY-DE,DPD>Classic>公司账号自买面单,5,1,LT_120,LT_60,LT_60,,LT_148,,,LT_297,LT_5,,,,2,,1,2,1744698060,1752457947
555,MY-DE,DPD>Classic>公司账号自买面单,5,3,LT_120,LT_60,,,LT_148,,,LT_297,LT_31,,,,2,,1,2,1744698270,1762253988
563,MY-KS,DPD>DPD-欧洲仓库生成,5,1,LT_175,,,,,,,LT_297,LT_31,,,,,,1,2,0,1762253962
569,MY-SH,DPD>Classic>公司账号自买面单,5,1,LT_175,,,,,,,LT_297,LT_31,,,,2,,1,1,1745320305,1762253949
580,MY-DE,DPD>Classic>公司账号自买面单,5,1,LT_120,LT_60,LT_60,,LT_148,,,LT_297,LT_5,,,,2,,1,1,1746525593,1752457923
582,MY-KS,DPD>Classic>公司账号自买面单,5,1,LT_175,,,,,,,LT_297,LT_31,,,,2,,1,1,1746588887,1762253313
587,MY-KS,DPD>Classic>公司账号自买面单,5,1,LT_175,,,,,,,LT_297,LT_31,,,,2,,1,1,1747895439,1762254148
601,MY-KS,DPD>Classic>公司账号自买面单,5,1,LT_175,,,,,,,LT_297,LT_31,,,,2,,1,1,1748227206,1762254144
602,MY-KS,DPD>Classic>公司账号自买面单,5,1,LT_175,,,,,,,LT_297,LT_31,,,,2,,1,1,1748227263,1762254139
603,MY-KS,DPD>Classic>公司账号自买面单,5,1,LT_175,,,,,,,LT_297,LT_31,,,,2,,1,1,1748227306,1762254137
604,MY-KS,DPD>Classic>公司账号自买面单,5,1,LT_175,,,,,,,LT_297,LT_31,,,,2,,1,1,1748310172,1762254135
605,MY-KS,DPD>Classic>公司账号自买面单,5,1,LT_175,,,,,,,LT_297,LT_31,,,,2,,1,1,1748316785,1762254132
662,MY-DE,DPD>Classic>公司账号自买面单,5,5,LT_175,,,,,,,LT_297,LT_31,,,,2,,1,2,1751336902,1762254011
667,MY-KE,DPD>Classic>公司账号自买面单,5,4,LT_175,,,,,,,LT_297,LT_31,,,,2,,1,2,1751338083,1762253996
709,MY-KS,DPD>Classic>公司账号自买面单,5,1,LT_175,,,,,,,LT_297,LT_31,,,,2,,1,1,1753063786,1762254130
710,MY-KS,DPD>Classic>公司账号自买面单,5,1,LT_175,,,,,,,LT_297,LT_31,,,,2,,1,1,1753069022,1762254102
714,MY-KS,DPD>Classic>公司账号自买面单,5,1,LT_175,,,,,,,LT_297,LT_31,,,,2,,1,1,1755225899,1762254099
744,MY-DE,DPD>Classic>公司账号自买面单,5,2,LT_120,LT_60,,,,,,LT_297,LT_31,,LT_0.15,,2,,1,1,1758540311,1758540938
747,MY-KE,DPD>Classic>公司账号自买面单,5,2,LT_120,LT_60,,,,,,LT_297,LT_31,,LT_0.15,,2,,1,1,1758540993,1758540993
583,MY-KS,GLS>Parcel>公司账号自买面单,8,2,LT_200,LT_80,LT_80,,,,,LT_297,LT_40,,,,2,,1,1,1746588974,1746588974
726,SHAOKE-DE,DHL>DHL-欧洲仓库生成,13,2,LT_120,LT_60,LT_60,,,,,LT_297,LT_31.5,,,,2,,1,1,1758005781,1766480406
732,SHAOKE-DE,DHL>DHL-欧洲仓库生成,13,1,GTE_16@LT_120,GTE_11@LT_60,GTE_1@LT_60,,,,,LT_297,LT_12,,,,2,,1,1,1758078069,1758078069
735,SHAOKE-DE,DHL>DHL-欧洲仓库生成,13,2,GTE_16@LT_120,GTE_11@LT_60,GTE_1@LT_60,,,,,LT_297,LT_17,,,,2,,1,1,1758079323,1758080396
738,SHAOKE-DE,DHL>DHL-欧洲仓库生成,13,2,GTE_16@LT_120,GTE_11@LT_60,GT_1@LT_60,,,,,LT_297,LT_13,,,,2,,1,1,1758088915,1758088915
741,SHAOKE-DE,DHL>DHL-欧洲仓库生成,13,2,GT_16@LTE_120,GT_11@LTE_60,GT_1@LTE_60,,,,,LT_297,LT_17,,,,2,,1,1,1758089604,1758089604
751,SHAOKE-DE,DHL>DHL-欧洲仓库生成,13,2,GTE_16@LT_120,GTE_11@LT_60,,,,,,LT_297,LT_10,,,,2,,1,1,1758541579,1758541587
754,SHAOKE-DE,DHL>DHL-欧洲仓库生成,13,2,GTE_16@LT_120,GTE_11@LT_60,,,,,,LT_297,LT_12,,,,2,,1,1,1758541945,1764303020
756,SHAOKE-DE,DHL>DHL-欧洲仓库生成,13,1,GTE_16@LT_120,GTE_11@LT_60,GTE_1@LT_60,,,,,LT_297,LT_9,,,,2,,1,1,1758542241,1758542241
762,SHAOKE-DE,DHL>DHL-欧洲仓库生成,13,2,GTE_16@LT_120,GTE_11@LT_60,GTE_1@LT_60,,,,,LT_297,LT_9,,,,2,,1,1,1758543553,1758543553
765,SHAOKE-DE,DHL>DHL-欧洲仓库生成,13,1,GTE_16@LT_120,GTE_11@LT_60,GTE_1@LT_60,,,,,LT_297,LT_5,,,,2,,1,1,1758543797,1758543797
767,SHAOKE-DE,DHL>DHL-欧洲仓库生成,13,3,GTE_16@LT_120,GTE_11@LT_60,GTE_1@LT_60,,,,,LT_297,LT_11,,,,2,,1,1,1758543971,1758543971
771,SHAOKE-DE,DHL>DHL-欧洲仓库生成,13,2,LT_120,LT_60,LT_60,,,,,LT_297,LT_31.5,,,,2,,1,2,1758880914,1758880941
773,SHAOKE-DE,DHL>DHL-欧洲仓库生成,13,1,GT_16@LT_120,GT_1@LT_60,,,,,,LT_297,LT_24,,,,2,,1,1,1760421714,1760421714
873,SHAOKE-DE,DHL>DHL-欧洲仓库生成,13,1,GTE_16@LT_120,GTE_11@LT_60,GTE_1@LT_60,,,,,LT_297,LT_14,,,,2,,1,1,1767681793,1767681793
724,SHAOKE-DE,DPD>DPD-欧洲仓库生成,14,1,LT_120,LT_60,LT_60,,LT_148,,,LT_297,LT_31,,LT_0.14,,2,,1,1,1758003748,1766480436
725,SHAOKE-DE,DPD>DPD-欧洲仓库生成,14,3,LT_175,,,,,,,LT_297,LT_31,,,,2,,1,1,1758003931,1762253982
727,SHAOKE-DE,DPD>DPD-欧洲仓库生成,14,1,LT_120,LT_60,LT_60,,LT_148,,,LT_297,LT_31.5,,,,2,,1,1,1758005937,1758005937
730,SHAOKE-DE,DPD>DPD-欧洲仓库生成,14,2,LT_120,LT_60,LT_60,,LT_148,,,LT_297,LT_31.5,,,,2,,1,1,1758006541,1758078106
731,SHAOKE-DE,DPD>DPD-欧洲仓库生成,14,2,LT_175,,,,,,,LT_297,LT_31.5,,,,2,,1,1,1758009397,1758009397
733,SHAOKE-DE,DPD>DPD-欧洲仓库生成,14,3,LT_175,,,,,,,LT_297,LT_31.5,,,,2,,1,1,1758078308,1758078308
734,SHAOKE-DE,DPD>DPD-欧洲仓库生成,14,1,LT_120,LT_60,LT_60,,LT_148,,,LT_297,LT_31.5,,,,2,,1,1,1758078736,1758078736
736,SHAOKE-DE,DPD>DPD-欧洲仓库生成,14,3,LT_175,,,,,,,LT_297,LT_31.5,,,,2,,1,1,1758079605,1758080432
737,SHAOKE-DE,DPD>DPD-欧洲仓库生成,14,1,LT_120,LT_60,LT_60,,LT_148,,,LT_297,LT_31.5,,,,2,,1,1,1758087632,1758087632
739,SHAOKE-DE,DPD>DPD-欧洲仓库生成,14,3,LT_175,,,,,,,LT_297,LT_31.5,,,,2,,1,1,1758088978,1758088978
740,SHAOKE-DE,DPD>DPD-欧洲仓库生成,14,1,LT_120,LT_60,LT_60,,LT_148,,,LT_297,LT_31.5,,,,2,,1,1,1758089544,1758089544
742,SHAOKE-DE,DPD>DPD-欧洲仓库生成,14,3,LT_175,,,,,,,LT_297,LT_31.5,,,,2,,1,1,1758089641,1758089641
750,SHAOKE-DE,DPD>DPD-欧洲仓库生成,14,1,LT_120,LT_60,,,,,,LT_297,LT_31.5,,LT_0.15,,2,,1,1,1758541437,1758541437
752,SHAOKE-DE,DPD>DPD-欧洲仓库生成,14,3,LT_175,,,,,,,LT_297,LT_31.5,,,,2,,1,1,1758541644,1758541644
753,SHAOKE-DE,DPD>DPD-欧洲仓库生成,14,1,LT_120,LT_60,,,,,,LT_297,LT_31.5,,LT_0.15,,2,,1,1,1758541855,1764303023
755,SHAOKE-DE,DPD>DPD-欧洲仓库生成,14,3,LT_175,,,,,,,LT_297,LT_31.5,,,,2,,1,1,1758542028,1758542028
757,SHAOKE-DE,DPD>DPD-欧洲仓库生成,14,2,LT_120,LT_60,,,,,,LT_297,LT_31.5,,LT_0.15,,2,,1,1,1758542301,1758542301
758,SHAOKE-DE,DPD>DPD-欧洲仓库生成,14,3,LT_175,,,,,,,LT_297,LT_31.5,,,,2,,1,1,1758542342,1758542345
759,SHAOKE-DE,DPD>DPD-欧洲仓库生成,14,1,LT_120,LT_60,,,,,,LT_297,LT_31.5,,LT_0.15,,2,,1,1,1758543263,1758543269
760,SHAOKE-DE,DPD>DPD-欧洲仓库生成,14,2,LT_175,,,,,,,LT_297,LT_31.5,,,,2,,1,1,1758543357,1758543372
761,SHAOKE-DE,DPD>DPD-欧洲仓库生成,14,1,LT_120,LT_60,,,,,,LT_297,LT_31.5,,LT_0.15,,2,,1,1,1758543494,1758543494
763,SHAOKE-DE,DPD>DPD-欧洲仓库生成,14,3,LT_175,,,,,,,LT_297,LT_31.5,,,,2,,1,1,1758543594,1758543594
764,SHAOKE-DE,DPD>DPD-欧洲仓库生成,14,1,LT_175,,,,,,,LT_297,LT_31.5,,,,2,,1,1,1758543677,1762254085
766,SHAOKE-DE,DPD>DPD-欧洲仓库生成,14,2,LT_120,LT_60,,,,,,LT_297,LT_31.5,,LT_0.15,,2,,1,1,1758543836,1758543842
768,SHAOKE-DE,DPD>DPD-欧洲仓库生成,14,4,LT_175,,,,,,,LT_297,LT_31.5,,,,2,,1,1,1758544049,1758544052
770,SHAOKE-DE,DPD>DPD-欧洲仓库生成,14,1,LT_120,LT_60,LT_60,,,,,LT_297,LT_31.5,,LT_0.14,,2,,1,2,1758880799,1762254082
772,SHAOKE-DE,DPD>DPD-欧洲仓库生成,14,3,LT_175,,,,,,,LT_297,LT_31,,,,2,,1,2,1758880973,1762253980
774,SHAOKE-DE,DPD>DPD-欧洲仓库生成,14,2,LT_120,LT_60,,,,,,LT_297,LT_31.5,,LT_0.15,,2,,1,1,1760421853,1760421853
775,SHAOKE-DE,DPD>DPD-欧洲仓库生成,14,3,LT_175,,,,,,,LT_297,LT_31,,,,2,,1,1,1760421904,1760421904
874,SHAOKE-DE,DPD>DPD-欧洲仓库生成,14,2,LT_120,LT_60,,,,,,LT_297,LT_31.5,,LT_0.15,,2,,1,1,1767681950,1767681950
875,SHAOKE-DE,DPD>DPD-欧洲仓库生成,14,3,LT_175,,,,,,,LT_297,LT_31.5,,,,2,,1,1,1767682094,1767682094
49,DD-GB,DPD>DPD-欧洲仓库生成,17,2,LT_100,LT_70,LT_60,,,,,LT_297,LT_30,,,,,,1,1,0,1760943248
50,DD-GB,DHL>DHL-欧洲仓库生成,18,5,LT_200,,,LT_40,,,,LT_397,LT_35,,,,,,1,1,0,1750390251
829,DD-GB,DHL>DHL-欧洲仓库生成,18,4,LT_120,LT_80,,LT_30,,,,LT_297,LT_30,,,,2,,1,1,1762480574,1768806277
649,DD-GB,EVRI>英国Evri48本地派送>英国仓生成,21,1,LT_119,,,,,,,LT_223,LT_15,,,,2,,2,1,1750388303,1764727943
651,DD-GB,EVRI>英国Evri48本地派送>英国仓生成,21,4,LT_178,,,,,,,LT_415,LT_30,LT_240,,,2,,2,1,1750388557,1767692251
650,DD-GB,Yodel>Xpect Large 48,24,3,LT_119,,,,,LT_248,,,LT_30,,LT_0.28,,2,,1,1,1750388445,1768806227
433,CAINIAO-ES,GLS>ES_ASM_Massivo_Domestic>西班牙菜鸟生成,25,1,LT_198,,,LT_39,,,LT_297,,LT_39,,,,2,,1,1,1737027536,1763638459
679,CAINIAO-ES,GLS>ES_Correos_TR72_Domestic>西班牙菜鸟生成,26,2,LT_120,,,,,,LT_208,,LT_30,,,,2,,1,1,1751522725,1751522725
434,CAINIAO-ES,GLS>ES_GLS_Business_Domestic>西班牙菜鸟生成,27,1,LT_200,,,,,,LT_297,,LT_39,,,,2,,1,2,1737027619,1763637111
435,CAINIAO-ES,GLS>ES_GLS_Business_Domestic>西班牙菜鸟生成,27,3,LT_200,,,,,,LT_297,,LT_39,,,,2,,1,1,1737077629,1763637116
521,CAINIAO-ES,GLS>ES_GLS_Business_Domestic>西班牙菜鸟生成,27,1,LT_200,,,,,,LTE_297,,LTE_39,,,,2,,1,3,1743407782,1763637079
834,WP-DE02,DHL>DHL-欧洲仓库生成,28,1,LT_120,LT_60,LT_60,,,,,LT_297,LT_3,,,,2,,1,1,1763521137,1764839756
835,WP-DE02,DHL>DHL-欧洲仓库生成,28,3,LT_120,LT_60,LT_60,,,,,LT_297,LT_31.5,,LT_0.145,,2,,1,1,1763521258,1763521288
839,WP-DE02,DHL>DHL-欧洲仓库生成,28,7,LT_200,,,,,,,LT_357,LT_31.5,,,,2,,1,1,1763521899,1763521899
833,WP-DE02,DPD>DPD-欧洲仓库生成,30,2,LT_120,LT_60,LT_60,,,,,LT_297,LT_31.5,,LT_0.145,,2,,1,1,1763520842,1763521293
837,WP-DE02,DPD>DPD-欧洲仓库生成,30,5,LT_175,,,,,,,LT_297,LT_31.5,,,,2,,1,1,1763521735,1763521740
836,WP-DE02,GLS>GLS-欧洲仓库生成,32,4,LT_150,LT_80,LT_60,,,,,LT_297,LT_20,,,,2,,1,1,1763521671,1763521684
838,WP-DE02,GLS>GLS-欧洲仓库生成,32,6,LT_200,LT_80,LT_60,,,,,LT_297,LT_40,,,,2,,1,1,1763521822,1763521837
590,YC-PSJ-ES,CTT>CTT-派速捷西班牙仓生成,34,4,LT_150,LT_80,LT_80,,,,LTE_238,,LT_39.5,,,,2,,2,1,1747912218,1766130881
591,YC-PSJ-ES,CTT>CTT-派速捷西班牙仓生成,34,5,LT_120,GTE_80,,,,,LTE_238,,LT_39.5,,,,2,,2,1,1747912277,1766130882
594,YC-PSJ-ES,CTT>CTT-派速捷西班牙仓生成,34,9,LT_200,LT_80,LT_80,,,,LTE_238,,LT_39.5,,,,2,,2,1,1747912441,1766130883
597,YC-PSJ-ES,CTT>CTT-派速捷西班牙仓生成,34,12,LT_200,GTE_80,,,,,LTE_238,,LT_39.5,,,,2,,2,1,1747912597,1766130885
598,YC-PSJ-ES,CTT>CTT-派速捷西班牙仓生成,34,13,LT_240,LT_80,LT_80,,,,LTE_238,,LT_39.5,,,,2,,2,1,1747912690,1766130886
600,YC-PSJ-ES,CTT>CTT-派速捷西班牙仓生成,34,15,LT_250,,,,,,LTE_307,,LT_39.5,,,,2,,2,1,1747912792,1766130888
606,YC-PSJ-ES,CTT>CTT-派速捷西班牙仓生成,34,1,LT_150,LT_80,LT_80,,,,LTE_238,,LT_39.5,,,,2,,1,2,1748321518,1753951338
607,YC-PSJ-ES,CTT>CTT-派速捷西班牙仓生成,34,2,LT_120,GTE_80,,,,,LTE_238,,LT_39.5,,,,2,,1,2,1748321589,1753951345
613,YC-PSJ-ES,CTT>CTT-派速捷西班牙仓生成,34,1,LT_150,LT_80,LT_80,,,,LTE_238,,LT_39.5,,,,2,,1,3,1749175616,1749175656
614,YC-PSJ-ES,CTT>CTT-派速捷西班牙仓生成,34,2,LT_120,GTE_80,,,,,LTE_238,,LTE_39.5,,,,2,,1,3,1749175752,1749175752
615,YC-PSJ-ES,CTT>CTT-派速捷西班牙仓生成,34,3,GT_150@LT_200,LT_80,LT_80,,,,LTE_238,,LTE_39.5,,,,2,,1,3,1749176222,1749176356
616,YC-PSJ-ES,CTT>CTT-派速捷西班牙仓生成,34,4,GT_150@LT_200,GTE_80,,,,,LTE_238,,LTE_39.5,,,,2,,1,3,1749176288,1749176348
588,YC-PSJ-ES,SEUR>SEUR-派速捷西班牙仓生成,35,1,LT_150,LT_80,LT_80,LT_7,,,LTE_297,,LT_10,,,,2,,1,1,1747912044,1766130112
589,YC-PSJ-ES,SEUR>SEUR-派速捷西班牙仓生成,35,2,LT_120,GTE_80,,LT_7,,,LTE_297,,LT_10,,,,2,,1,1,1747912115,1766130116
592,YC-PSJ-ES,SEUR>SEUR-派速捷西班牙仓生成,35,7,LT_150,LT_80,LT_80,LT_20,,,LTE_297,,LT_20,,,,2,,1,1,1747912338,1766130539
593,YC-PSJ-ES,SEUR>SEUR-派速捷西班牙仓生成,35,8,LT_120,GTE_80,,LT_20,,,LTE_297,,LT_20,,,,2,,1,1,1747912387,1766130542
595,YC-PSJ-ES,SEUR>SEUR-派速捷西班牙仓生成,35,10,LT_150,LT_80,LT_80,LT_30,,,LTE_297,,LT_30,,,,2,,1,1,1747912495,1766130549
596,YC-PSJ-ES,SEUR>SEUR-派速捷西班牙仓生成,35,11,LT_120,GTE_80,,LT_30,,,LTE_297,,LT_30,,,,2,,1,1,1747912540,1766130552
599,YC-PSJ-ES,SEUR>SEUR-派速捷西班牙仓生成,35,14,LT_150,,,LT_39.5,,,LTE_297,,LT_39.5,,,,2,,1,1,1747912739,1766130559
896,YC-PSJ-ES,SEUR>SEUR-派速捷西班牙仓生成,35,1,LT_150,,,LT_39.5,,,LTE_297,,LT_39.5,,,,2,,1,1,1769129765,1769129765
851,YC-PSJ-ES,GLS>GLS-欧洲仓库生成,36,3,,,,,,,,LT_297,LT_18,,,,2,,1,1,1766130309,1766130309
852,YC-PSJ-ES,GLS>GLS-欧洲仓库生成,36,6,,,,,,,,LT_297,LT_39,,,,2,,1,1,1766130603,1766130603
608,YC-PSJ-IT,BRT>BRT-意大利仓库生成,37,1,LT_150,LT_75,LT_75,,,LT_180,,,LT_10,,,,2,,1,1,1748402703,1766633567
610,YC-PSJ-IT,BRT>BRT-意大利仓库生成,37,3,LT_150,LT_75,LT_75,,,LT_180,,,LT_30,,,,2,,1,1,1748402837,1766633569
619,YC-PSJ-IT,BRT>BRT-意大利仓库生成,37,1,LT_150,LT_75,LT_75,,,,,,LT_10,,,,2,,2,2,1749608715,1749625146
621,YC-PSJ-IT,BRT>BRT-意大利仓库生成,37,3,LT_150,LT_75,LT_75,,,,,,LT_30,,,,2,,2,2,1749609992,1749625150
609,YC-PSJ-IT,TNT>TNT-IT-PSJ,38,2,LT_178,LT_118,LT_98,LT_30,,,,,LT_30,,,,2,,1,1,1748402771,1748402771
611,YC-PSJ-IT,TNT>TNT-IT-PSJ,38,4,LT_178,LT_118,LT_98,LT_31.5,,,,,LT_31.5,,,,2,,1,1,1748402905,1748402905
620,YC-PSJ-IT,TNT>TNT-IT-PSJ,38,2,LT_178,LT_118,LT_98,LT_30,,,,,LT_30,,,,2,,2,2,1749609835,1749625148
622,YC-PSJ-IT,TNT>TNT-IT-PSJ,38,4,LT_178,LT_118,LT_98,LT_31.5,,,,,LT_31.5,,,,2,,2,2,1749610041,1749625151
612,YC-PSJ-FR,GLS>GLS-欧洲仓库生成,40,1,LT_200,LT_80,LT_60,,,,,LT_297,LT_30,,,,2,,1,1,1748937005,1748937005
674,YC-PSJ-FR,GLS>GLS-欧洲仓库生成,40,1,LT_200,LT_80,LT_60,,,,,LT_297,LT_30,,,,2,,1,2,1751445113,1751445113
680,YC-PSJ-FR,GLS>GLS-欧洲仓库生成,40,1,LT_200,LT_80,LT_60,,,,,LT_297,LT_30,,,,2,,1,3,1751599934,1751599934
529,YC-IT,BRT>BRT-意大利仓库生成,41,2,GT_100,,,LT_12,,,,,LT_12,,,,2,,2,1,1743820057,1764836845
769,YC-IT,UPS>EUROPA>欧洲仓库生成,42,1,LT_100,,,LT_30,,,,LT_297,LT_30,,,,2,,1,1,1758681970,1758681970
431,YC-IT,DHL>DHL-欧洲仓库生成,43,1,LT_100,,,LT_30,,,,,LT_25,,,,,,1,1,0,1759299492
432,YC-IT,DHL>DHL-欧洲仓库生成,43,3,,,,,,,,,LT_50,,,,,,1,1,0,1759906390
530,YC-IT,DHL>DHL-欧洲仓库生成,43,1,LT_100,,,LT_30,,,,,LT_25,,,,2,,1,3,1744098865,1744098919
656,YC-FR-LEH,Chronopost>Chronopost-法国遨森,44,1,LT_150,,,LT_30,,,,LT_297,LT_30,,,,2,,1,1,1751264751,1751264751
789,YC-FR,Chronopost>Chronopost-法国遨森,44,2,LT_150,,,LT_30,,,,LT_297,LT_30,,,,2,,1,2,1762306791,1762306882
790,YC-FR,Chronopost>Chronopost-法国遨森,44,2,LT_150,,,LT_30,,,,LT_297,LT_30,,,,2,,1,1,1762306865,1762306865
504,YC-FR,GLS>GLS-欧洲仓库生成,45,1,LT_120,,,,,,LT_150,LT_297,LT_30,,,,2,,1,1,1741833067,1757465805
506,YC-FR,GLS>GLS-欧洲仓库生成,45,3,LT_200,,,,,,,LT_297,LT_30,,,,2,,1,1,1741833384,1762306752
522,YC-FR,GLS>GLS-欧洲仓库生成,45,1,LT_150,,,LT_30,,,,LT_297,LT_30,,,,2,,1,3,1743493528,1757472557
657,YC-FR-LEH,GLS>GLS-欧洲仓库生成,45,2,LT_120,,,,,,LT_150,LT_297,LT_30,,,,2,,1,1,1751265127,1751265127
658,YC-FR-LEH,GLS>GLS-欧洲仓库生成,45,3,LT_200,,,,,,,LT_297,LT_30,,,,2,,1,1,1751265184,1751265184
675,YC-FR,GLS>GLS-欧洲仓库生成,45,1,LT_120,,,,,,LT_150,LT_297,LT_30,,,,2,,1,2,1751520597,1762306824
676,YC-FR,GLS>GLS-欧洲仓库生成,45,3,LT_200,,,,,,,LT_297,LT_30,,,,2,,1,2,1751520645,1762306889
505,YC-FR,DPD>DPD-欧洲仓库生成,47,6,LT_200,,,LT_14,,,,LT_297,LT_14,,,,2,,2,1,1741833332,1757483888
507,YC-FR,Geodis>Geodis-法国遨森,49,4,LT_400,LT_200,,,,,,,,,LT_4,,2,,1,1,1741833447,1751520731
659,YC-FR-LEH,Geodis>Geodis-法国遨森,49,4,LT_400,LT_200,,,,,,,,,LT_4,,2,,1,1,1751265261,1751265261
677,YC-FR,Geodis>Geodis-法国遨森,49,4,LT_400,LT_200,,,,,,,,,LT_4,,2,,1,2,1751520687,1762306829
194,YDY-GB,XDP>英国（UKM）XDP 1man,53,7,LT_320,,,,,,,,LT_50,,,,,,1,1,0,1743642129
407,YDY-GB-M2,XDP>英国（UKM）XDP 1man,53,10,LT_320,,,,,,,,LT_50,,,,,,1,1,0,1768190676
191,YDY-GB,EVRI>英国Evri48本地派送>英国仓生成,55,1,LT_120,,,,,,,LT_225,LT_15,,,,,,1,1,0,0
405,YDY-GB-M2,EVRI>英国Evri48本地派送>英国仓生成,55,1,LT_120,,,,,,,LT_225,LT_15,,,,,,2,1,0,1766109035
410,YDY-GB,EVRI>英国Evri48本地大件派送>英国仓生成,56,6,LT_180,,,,,,,LT_415,LT_30,LT_240,,,,,1,1,0,1743642141
411,YDY-GB-M2,EVRI>英国Evri48本地大件派送>英国仓生成,56,5,LT_180,,,,,,,LT_415,LT_30,LT_240,,,,,2,1,0,1766112414
517,YDY-GB,EVRI>英国Evri24本地大件派送>英国仓生成,57,1,LT_120,,,,,,,LT_225,LT_15,,,英国次日达订单固定发Evri_24,2,,1,3,1742960583,1742969777
518,YDY-GB-M2,EVRI>英国Evri24本地大件派送>英国仓生成,57,1,LT_120,,,,,,,LT_225,LT_15,,,英国次日达订单固定发Evri_24,2,,1,3,1742960583,1742969797
523,YDY-GB,Yodel>Yodel-48>英国仓生成,59,2,LT_90,,,,,,,,LT_29.5,,LT_0.113,,2,,1,1,1743642105,1743642105
524,YDY-GB,Yodel>Yodel-48>英国仓生成,59,3,LT_120,,,,,,,,LT_17,,LT_0.23,,2,,1,1,1743642189,1743642189
527,YDY-GB-M2,Yodel>Yodel-48>英国仓生成,59,2,LT_90,,,,,,,,LT_10,,LT_0.113,,2,,1,1,1743642636,1765175969
876,YDY-GB-M2,Yodel>Yodel-48>英国仓生成,59,4,GT_90@LT_120,,,,,,,,LT_17,,,,2,,1,1,1768190643,1768806187
877,YDY-GB-M2,Yodel>Yodel-48>英国仓生成,59,9,LT_170,,,,,,,,LT_29,,LT_0.28,,2,,1,1,1768190726,1768806193
525,YDY-GB,DPD>DPD-欧洲仓库生成,63,4,LT_100,LT_70,LT_60,,,,,,LT_30,,,,2,,1,1,1743642353,1758859713
528,YDY-GB-M2,DPD>DPD-欧洲仓库生成,63,3,LT_100,LT_70,LT_60,,,,LT_230,,LT_30,,,,2,,1,1,1743642724,1765175973
784,YDY-GB-M2,DPD>易达云英国DPD大件,64,6,LT_150,LT_70,LT_60,,,,,LT_297,LT_30,,LT_0.18,,2,,1,1,1760705776,1768190655
848,YDY-GB-M2,DPD>易达云英国DPD大件,64,8,LT_170,LT_70,LT_60,,,,,LT_297,LT_30,,LT_0.18,,2,,1,1,1763710835,1763710876
532,YDY-GB,DX>英国 DX 1 MAN>易达云英国仓生成,65,8,LT_320,,,,,,,,LT_50,,,,2,,1,1,1744189404,1744189404
533,YDY-GB-M2,DX>英国 DX 1 MAN>易达云英国仓生成,65,11,LT_320,,,,,,,,LT_50,,,,2,,1,1,1744189434,1768190678
715,YDY-GB-M2,DX>DX Express>易达云英国仓生成,66,3,LT_146,,,LTE_14,,,,,LTE_14,,,,2,,2,1,1755669685,1765175983
716,YDY-GB-M2,DX>DX Express>易达云英国仓生成,66,4,LT_146,,,LTE_24@GT_15,,,,,GT_15@LTE_24,,,,2,,2,1,1755669942,1765175989
102,YDY-DE,DHL>DHL-欧洲仓库生成,68,1,LT_120,LT_60,LT_60,,,,,LT_297,LT_5,,LT_0.147,,,,1,1,0,1766133420
104,YDY-DE,DHL>DHL-欧洲仓库生成,68,9,LT_200,,,,,,,LT_357,LT_31.5,,,,,,1,1,0,1766133650
558,YDY-DE,DHL>DHL-欧洲仓库生成,68,1,LT_120,LT_60,LT_60,,,,,LT_297,LT_5,,LT_0.147,,2,,2,2,1744768035,1765502693
686,YDY-DE,DHL>DHL-欧洲仓库生成,68,8,LT_200,,,,,,,LT_357,LT_31.5,,,,2,,1,2,1751884910,1763640333
785,YDY-DE,DHL>DHL-欧洲仓库生成,68,4,LT_120,LT_60,,,,,,LT_297,LT_31.5,,,,2,,1,1,1761115831,1766133421
786,YDY-DE,DHL>DHL-欧洲仓库生成,68,4,LT_120,LT_60,,,,,,LT_297,LT_31.5,,,,2,,2,2,1761116616,1765502734
158,YDY-DE,DHL>DHL-欧洲仓库生成,69,1,LT_120,LT_60,LT_60,,,,,LT_297,LT_8,,,,,,1,1,0,0
160,YDY-DE,DHL>DHL-欧洲仓库生成,69,3,LT_200,,,,,,,LT_357,LT_30,,,,,,1,1,0,0
161,YDY-DE,DHL>DHL-欧洲仓库生成,69,1,LT_120,LT_60,LT_60,,,,,LT_297,LT_3,,,,,,1,1,0,0
164,YDY-DE,DHL>DHL-欧洲仓库生成,69,1,LT_120,LT_60,LT_60,,,,,LT_297,LT_21,,,,,,1,1,0,0
166,YDY-DE,DHL>DHL-欧洲仓库生成,69,3,LT_200,,,,,,,LT_357,LT_31.5,,,,,,1,1,0,0
167,YDY-DE,DHL>DHL-欧洲仓库生成,69,1,LT_120,LT_60,LT_60,,,,,LT_297,LT_7,,,,,,1,1,0,0
171,YDY-DE,DHL>DHL-欧洲仓库生成,69,2,LT_200,,,,,,,LT_357,LT_30,,,,,,1,1,0,0
173,YDY-DE,DHL>DHL-欧洲仓库生成,69,1,LT_120,LT_60,LT_60,,,,,LT_297,LT_9,,,,,,1,1,0,0
187,YDY-DE,DeDHL>PAKET_INTERNATIONAL>德国发欧盟,69,2,LT_200,,,,,,,LT_357,LT_30,,,,,,1,1,0,0
364,YDY-DE,DHL>DHL-欧洲仓库生成,69,2,LT_200,,,,,,,LT_357,LT_30,,,,,,1,1,1721121910,1721121910
367,YDY-DE,DHL>DHL-欧洲仓库生成,69,2,LT_200,,,,,,,LT_357,LT_30,,,,,,1,1,1721121990,1721121990
369,YDY-DE,DHL>DHL-欧洲仓库生成,69,2,LT_200,,,,,,,LT_357,LT_30,,,,,,1,1,1721122050,1721122050
370,YDY-DE,DHL>DHL-欧洲仓库生成,69,1,LT_120,LT_60,LT_60,,,,,LT_297,LT_5,,,,,,1,1,1721122134,1721122134
372,YDY-DE,DHL>DHL-欧洲仓库生成,69,3,LT_200,,,,,,,LT_357,LT_30,,,,,,1,1,1721122134,1721122134
373,YDY-DE,DHL>DHL-欧洲仓库生成,69,1,LT_120,LT_60,LT_60,,,,,LT_297,LT_8,,,,,,1,1,1721122208,1721122208
375,YDY-DE,DHL>DHL-欧洲仓库生成,69,3,LT_200,,,,,,,LT_357,LT_30,,,,,,1,1,1721122208,1721122208
376,YDY-DE,DHL>DHL-欧洲仓库生成,69,1,LT_120,LT_60,LT_60,,,,,LT_297,LT_30,,,,,,1,1,1721122283,1721122283
378,YDY-DE,DHL>DHL-欧洲仓库生成,69,3,LT_200,,,,,,,LT_357,LT_30,,,,,,1,1,1721122283,1721122283
103,YDY-DE,DPD>DPD-欧洲仓库生成,70,3,LT_117,LT_57,,,,,,LT_297,LT_31,,LT_0.147,,,,1,1,0,1762253993
560,YDY-DE,DPD>DPD-欧洲仓库生成,70,3,LT_117,LT_57,,,,,,LT_297,LT_31,,LT_0.147,,2,,1,2,1744768170,1763640401
683,YDY-DE,DPD>DPD-欧洲仓库生成,70,5,GTE_120@LT_175,,,,,,,LT_297,LT_5,,,,2,,1,1,1751884376,1763640128
685,YDY-DE,DPD>DPD-欧洲仓库生成,70,5,GTE_120@LT_175,,,,,,,LT_297,LT_5,,,,2,,1,2,1751884866,1763640304
844,YDY-DE,DPD>DPD-欧洲仓库生成,70,7,GTE_120@LT_175,,,,,,,LT_297,LT_31.5,,,,2,,1,1,1763639795,1763640108
845,YDY-DE,DPD>DPD-欧洲仓库生成,70,7,GTE_120@LT_175,,,,,,,LT_297,LT_31.5,,,,2,,1,2,1763640349,1763640380
159,YDY-DE,DPD>DPD-欧洲仓库生成,71,2,LT_175,,,,,,,LT_297,LT_31.5,,,,,,1,1,0,0
170,YDY-DE,DPD>DPD-欧洲仓库生成,71,1,LT_175,,,,,,,LT_297,LT_31.5,,,,,,1,1,0,0
363,YDY-DE,DPD>DPD-欧洲仓库生成,71,1,LT_175,,,,,,,LT_297,LT_31.5,,,,,,1,1,1721121910,1721121910
366,YDY-DE,DPD>DPD-欧洲仓库生成,71,1,LT_175,,,,,,,LT_297,LT_31.5,,,,,,1,1,1721121990,1721121990
368,YDY-DE,DPD>DPD-欧洲仓库生成,71,1,LT_175,,,,,,,LT_297,LT_31.5,,,,,,1,1,1721122050,1721122050
371,YDY-DE,DPD>DPD-欧洲仓库生成,71,2,LT_175,,,,,,,LT_297,LT_31.5,,,,,,1,1,1721122134,1721122134
374,YDY-DE,DPD>DPD-欧洲仓库生成,71,2,LT_175,,,,,,,LT_297,LT_31.5,,,,,,1,1,1721122208,1721122208
377,YDY-DE,DPD>DPD-欧洲仓库生成,71,2,LT_175,,,,,,,LT_297,LT_31.5,,,,,,1,1,1721122283,1721122283
749,YDY-DE,DPD>DPD-欧洲仓库生成,71,1,LT_120,LT_60,LT_60,,,,,LT_297,LT_31.5,,LT_0.15,,2,,1,1,1758541299,1758541459
559,YDY-DE,GLS>GLS-欧洲仓库生成,72,2,LT_120,LT_60,,,,,,LT_297,LT_20,,LT_0.147,,2,,1,2,1744768128,1763640280
681,YDY-DE,GLS>GLS-欧洲仓库生成,72,2,LT_120,LT_60,,,,,,LT_297,LT_20,,LT_0.147,,2,,1,1,1751884079,1763640271
682,YDY-DE,GLS>GLS-欧洲仓库生成,72,6,GTE_120@LT_200,,,,,,,LT_297,LT_20,,LT_0.147,,2,,1,1,1751884278,1763640324
684,YDY-DE,GLS>GLS-欧洲仓库生成,72,6,GTE_120@LT_200,,,,,,,LT_297,LT_20,,LT_0.147,,2,,1,2,1751884814,1763640320
787,YDY-DE,GLS>GLS-欧洲仓库生成,72,8,LT_200,,,,,,,LT_297,LT_31.5,,,,2,,1,1,1761116778,1765502639
892,SHAOKE-FR,GLS>GLS-欧洲仓库生成,16,1,LT_200,LT_80,LT_60,,,,,LT_310,LT_31.5,,,,2,,1,1,1768400174,1768806161
